id,top1_accuracy.true,top1_accuracy.pred,top1_accuracy.confidence,top1_accuracy.correct,top1_accuracy.in_top3,skin_tone_ita.ita,skin_tone_ita.bin,skin_tone_ita.true,skin_tone_ita.pred,skin_tone_ita.correct
ISIC_0024342,nv,nv,0.9992,true,true,71.4,light (I–II),nv,nv,true
ISIC_0024348,nv,nv,1.0,true,true,26.7,medium (III–IV),nv,nv,true
ISIC_0024353,nv,nv,1.0,true,true,58.2,light (I–II),nv,nv,true
ISIC_0024354,nv,nv,0.9997,true,true,76.0,light (I–II),nv,nv,true
ISIC_0024359,nv,nv,1.0,true,true,25.0,medium (III–IV),nv,nv,true
ISIC_0024360,bcc,bcc,0.9997,true,true,90.0,light (I–II),bcc,bcc,true
ISIC_0024362,nv,nv,1.0,true,true,42.1,light (I–II),nv,nv,true
ISIC_0024364,nv,nv,0.9998,true,true,45.0,light (I–II),nv,nv,true
ISIC_0024371,bkl,nv,0.7487,false,true,68.9,light (I–II),bkl,nv,false
ISIC_0024374,nv,nv,0.9983,true,true,66.9,light (I–II),nv,nv,true
ISIC_0024388,nv,nv,0.9993,true,true,35.5,medium (III–IV),nv,nv,true
ISIC_0024395,nv,nv,1.0,true,true,87.6,light (I–II),nv,nv,true
ISIC_0024406,nv,nv,0.9995,true,true,61.6,light (I–II),nv,nv,true
ISIC_0024414,nv,nv,1.0,true,true,71.1,light (I–II),nv,nv,true
ISIC_0024427,nv,nv,1.0,true,true,79.8,light (I–II),nv,nv,true
ISIC_0024428,nv,nv,1.0,true,true,60.1,light (I–II),nv,nv,true
ISIC_0024432,bcc,bcc,0.8346,true,true,56.4,light (I–II),bcc,bcc,true
ISIC_0024437,nv,nv,1.0,true,true,112.0,light (I–II),nv,nv,true
ISIC_0024441,nv,nv,0.9991,true,true,99.0,light (I–II),nv,nv,true
ISIC_0024451,nv,nv,1.0,true,true,74.0,light (I–II),nv,nv,true
ISIC_0024454,bcc,bcc,0.9994,true,true,68.9,light (I–II),bcc,bcc,true
ISIC_0024465,nv,nv,1.0,true,true,29.9,medium (III–IV),nv,nv,true
ISIC_0024469,nv,nv,1.0,true,true,70.5,light (I–II),nv,nv,true
ISIC_0024482,mel,mel,0.9999,true,true,75.8,light (I–II),mel,mel,true
ISIC_0024483,nv,nv,1.0,true,true,35.6,medium (III–IV),nv,nv,true
ISIC_0024487,nv,nv,0.9999,true,true,76.0,light (I–II),nv,nv,true
ISIC_0024488,nv,nv,1.0,true,true,47.2,light (I–II),nv,nv,true
ISIC_0024492,nv,nv,0.9999,true,true,12.1,dark (V–VI),nv,nv,true
ISIC_0024501,nv,nv,1.0,true,true,64.4,light (I–II),nv,nv,true
ISIC_0024519,nv,nv,0.9999,true,true,82.6,light (I–II),nv,nv,true
ISIC_0024524,nv,nv,0.9973,true,true,95.8,light (I–II),nv,nv,true
ISIC_0024557,nv,nv,1.0,true,true,62.6,light (I–II),nv,nv,true
ISIC_0024559,nv,nv,0.9982,true,true,75.7,light (I–II),nv,nv,true
ISIC_0024560,nv,nv,0.9995,true,true,75.9,light (I–II),nv,nv,true
ISIC_0024565,nv,nv,1.0,true,true,102.4,light (I–II),nv,nv,true
ISIC_0024578,nv,nv,0.9997,true,true,104.8,light (I–II),nv,nv,true
ISIC_0024582,bcc,bcc,0.996,true,true,66.3,light (I–II),bcc,bcc,true
ISIC_0024587,nv,nv,0.9999,true,true,72.1,light (I–II),nv,nv,true
ISIC_0024592,bkl,bkl,0.999,true,true,79.1,light (I–II),bkl,bkl,true
ISIC_0024593,nv,nv,0.9999,true,true,35.2,medium (III–IV),nv,nv,true
ISIC_0024599,nv,nv,0.9959,true,true,58.7,light (I–II),nv,nv,true
ISIC_0024613,nv,nv,0.9999,true,true,49.1,light (I–II),nv,nv,true
ISIC_0024616,nv,nv,0.9998,true,true,11.6,dark (V–VI),nv,nv,true
ISIC_0024622,nv,nv,1.0,true,true,61.1,light (I–II),nv,nv,true
ISIC_0024636,nv,nv,0.9998,true,true,55.4,light (I–II),nv,nv,true
ISIC_0024641,nv,nv,1.0,true,true,82.6,light (I–II),nv,nv,true
ISIC_0024644,mel,mel,0.9558,true,true,1.9,dark (V–VI),mel,mel,true
ISIC_0024647,mel,mel,0.9807,true,true,-84.5,dark (V–VI),mel,mel,true
ISIC_0024658,nv,nv,1.0,true,true,95.6,light (I–II),nv,nv,true
ISIC_0024661,nv,nv,0.9999,true,true,31.4,medium (III–IV),nv,nv,true
ISIC_0024673,bcc,bcc,0.9935,true,true,93.4,light (I–II),bcc,bcc,true
ISIC_0024686,nv,nv,0.9999,true,true,59.3,light (I–II),nv,nv,true
ISIC_0024688,mel,mel,0.9959,true,true,99.6,light (I–II),mel,mel,true
ISIC_0024695,nv,nv,0.9997,true,true,64.1,light (I–II),nv,nv,true
ISIC_0024697,nv,mel,0.9325,false,true,96.1,light (I–II),nv,mel,false
ISIC_0024710,akiec,akiec,0.7646,true,true,96.4,light (I–II),akiec,akiec,true
ISIC_0024722,nv,nv,1.0,true,true,40.9,medium (III–IV),nv,nv,true
ISIC_0024725,nv,nv,0.9997,true,true,109.2,light (I–II),nv,nv,true
ISIC_0024747,vasc,vasc,0.9983,true,true,92.7,light (I–II),vasc,vasc,true
ISIC_0024750,nv,nv,1.0,true,true,17.8,dark (V–VI),nv,nv,true
ISIC_0024752,nv,nv,0.9999,true,true,93.6,light (I–II),nv,nv,true
ISIC_0024754,nv,nv,1.0,true,true,62.3,light (I–II),nv,nv,true
ISIC_0024755,nv,nv,1.0,true,true,81.1,light (I–II),nv,nv,true
ISIC_0024756,mel,mel,0.9956,true,true,103.8,light (I–II),mel,mel,true
ISIC_0024760,bkl,bkl,0.9908,true,true,76.9,light (I–II),bkl,bkl,true
ISIC_0024772,bkl,bkl,0.595,true,true,80.0,light (I–II),bkl,bkl,true
ISIC_0024777,nv,nv,0.9999,true,true,60.9,light (I–II),nv,nv,true
ISIC_0024787,bcc,bcc,0.9989,true,true,69.5,light (I–II),bcc,bcc,true
ISIC_0024794,nv,nv,0.9999,true,true,21.4,medium (III–IV),nv,nv,true
ISIC_0024797,nv,nv,1.0,true,true,43.8,light (I–II),nv,nv,true
ISIC_0024808,nv,nv,0.9992,true,true,70.7,light (I–II),nv,nv,true
ISIC_0024810,nv,nv,0.9999,true,true,57.4,light (I–II),nv,nv,true
ISIC_0024818,nv,nv,0.9998,true,true,138.4,light (I–II),nv,nv,true
ISIC_0024829,bcc,bcc,0.9995,true,true,84.4,light (I–II),bcc,bcc,true
ISIC_0024830,nv,nv,0.9994,true,true,114.9,light (I–II),nv,nv,true
ISIC_0024833,bcc,bcc,0.9974,true,true,75.5,light (I–II),bcc,bcc,true
ISIC_0024835,nv,nv,1.0,true,true,73.6,light (I–II),nv,nv,true
ISIC_0024848,bcc,bcc,0.9998,true,true,53.8,light (I–II),bcc,bcc,true
ISIC_0024849,nv,nv,1.0,true,true,51.3,light (I–II),nv,nv,true
ISIC_0024857,nv,nv,0.9999,true,true,109.4,light (I–II),nv,nv,true
ISIC_0024873,nv,nv,0.9999,true,true,71.6,light (I–II),nv,nv,true
ISIC_0024875,mel,mel,0.9946,true,true,62.8,light (I–II),mel,mel,true
ISIC_0024898,mel,nv,0.9708,false,true,99.4,light (I–II),mel,nv,false
ISIC_0024900,mel,mel,0.9995,true,true,69.1,light (I–II),mel,mel,true
ISIC_0024916,nv,nv,0.9978,true,true,99.1,light (I–II),nv,nv,true
ISIC_0024923,akiec,akiec,0.6916,true,true,66.8,light (I–II),akiec,akiec,true
ISIC_0024926,nv,nv,0.9991,true,true,62.2,light (I–II),nv,nv,true
ISIC_0024931,bcc,bcc,0.9979,true,true,49.0,light (I–II),bcc,bcc,true
ISIC_0024935,nv,nv,0.994,true,true,26.5,medium (III–IV),nv,nv,true
ISIC_0024943,bkl,bkl,0.9993,true,true,34.7,medium (III–IV),bkl,bkl,true
ISIC_0024955,nv,nv,0.9996,true,true,97.6,light (I–II),nv,nv,true
ISIC_0024960,nv,nv,1.0,true,true,36.6,medium (III–IV),nv,nv,true
ISIC_0024971,bkl,bkl,0.9984,true,true,99.4,light (I–II),bkl,bkl,true
ISIC_0024974,nv,nv,1.0,true,true,66.6,light (I–II),nv,nv,true
ISIC_0024976,nv,nv,0.9999,true,true,66.0,light (I–II),nv,nv,true
ISIC_0024977,nv,nv,1.0,true,true,27.9,medium (III–IV),nv,nv,true
ISIC_0024978,nv,nv,1.0,true,true,26.7,medium (III–IV),nv,nv,true
ISIC_0024979,nv,nv,1.0,true,true,72.3,light (I–II),nv,nv,true
ISIC_0024981,bkl,mel,0.6112,false,false,89.5,light (I–II),bkl,mel,false
ISIC_0024988,nv,nv,0.9999,true,true,65.1,light (I–II),nv,nv,true
ISIC_0024990,nv,nv,1.0,true,true,46.6,light (I–II),nv,nv,true
ISIC_0024997,bkl,bkl,0.997,true,true,102.0,light (I–II),bkl,bkl,true
ISIC_0024998,nv,nv,0.9981,true,true,96.2,light (I–II),nv,nv,true
ISIC_0025006,nv,nv,1.0,true,true,63.9,light (I–II),nv,nv,true
ISIC_0025009,nv,nv,0.9505,true,true,102.9,light (I–II),nv,nv,true
ISIC_0025011,nv,nv,1.0,true,true,42.0,light (I–II),nv,nv,true
ISIC_0025012,nv,nv,0.9999,true,true,77.4,light (I–II),nv,nv,true
ISIC_0025015,nv,nv,1.0,true,true,70.0,light (I–II),nv,nv,true
ISIC_0025019,bcc,akiec,0.6245,false,true,96.8,light (I–II),bcc,akiec,false
ISIC_0025022,nv,nv,0.9999,true,true,71.0,light (I–II),nv,nv,true
ISIC_0025026,nv,nv,1.0,true,true,64.9,light (I–II),nv,nv,true
ISIC_0025043,nv,nv,0.9287,true,true,81.9,light (I–II),nv,nv,true
ISIC_0025058,nv,nv,1.0,true,true,64.6,light (I–II),nv,nv,true
ISIC_0025060,nv,nv,1.0,true,true,68.1,light (I–II),nv,nv,true
ISIC_0025066,bkl,bkl,0.9799,true,true,107.8,light (I–II),bkl,bkl,true
ISIC_0025067,nv,nv,1.0,true,true,52.2,light (I–II),nv,nv,true
ISIC_0025078,nv,nv,0.9999,true,true,104.5,light (I–II),nv,nv,true
ISIC_0025079,nv,nv,0.9996,true,true,69.9,light (I–II),nv,nv,true
ISIC_0025086,bkl,bkl,0.8538,true,true,120.0,light (I–II),bkl,bkl,true
ISIC_0025092,nv,nv,0.9999,true,true,59.8,light (I–II),nv,nv,true
ISIC_0025099,bkl,bkl,0.9946,true,true,127.8,light (I–II),bkl,bkl,true
ISIC_0025102,bcc,bcc,0.9998,true,true,85.4,light (I–II),bcc,bcc,true
ISIC_0025109,nv,nv,0.9998,true,true,62.8,light (I–II),nv,nv,true
ISIC_0025120,nv,nv,0.9999,true,true,82.2,light (I–II),nv,nv,true
ISIC_0025122,nv,nv,0.9998,true,true,98.3,light (I–II),nv,nv,true
ISIC_0025132,mel,mel,0.6854,true,true,89.8,light (I–II),mel,mel,true
ISIC_0025145,mel,mel,0.9998,true,true,65.1,light (I–II),mel,mel,true
ISIC_0025157,bkl,bkl,0.9995,true,true,76.0,light (I–II),bkl,bkl,true
ISIC_0025160,nv,mel,0.5968,false,true,101.0,light (I–II),nv,mel,false
ISIC_0025163,nv,nv,0.9997,true,true,78.0,light (I–II),nv,nv,true
ISIC_0025167,nv,nv,1.0,true,true,54.8,light (I–II),nv,nv,true
ISIC_0025179,nv,nv,0.6101,true,true,97.0,light (I–II),nv,nv,true
ISIC_0025182,akiec,akiec,0.9895,true,true,89.9,light (I–II),akiec,akiec,true
ISIC_0025190,nv,nv,1.0,true,true,70.3,light (I–II),nv,nv,true
ISIC_0025196,akiec,akiec,0.9795,true,true,102.0,light (I–II),akiec,akiec,true
ISIC_0025204,nv,nv,0.9999,true,true,70.0,light (I–II),nv,nv,true
ISIC_0025215,nv,nv,1.0,true,true,44.1,light (I–II),nv,nv,true
ISIC_0025247,akiec,bkl,0.778,false,true,91.7,light (I–II),akiec,bkl,false
ISIC_0025248,mel,mel,0.998,true,true,70.2,light (I–II),mel,mel,true
ISIC_0025254,nv,nv,0.9955,true,true,93.7,light (I–II),nv,nv,true
ISIC_0025257,nv,mel,0.9622,false,true,96.3,light (I–II),nv,mel,false
ISIC_0025259,nv,nv,1.0,true,true,83.3,light (I–II),nv,nv,true
ISIC_0025271,nv,nv,0.9998,true,true,89.6,light (I–II),nv,nv,true
ISIC_0025277,mel,bkl,0.8851,false,true,-164.0,dark (V–VI),mel,bkl,false
ISIC_0025279,nv,nv,1.0,true,true,70.5,light (I–II),nv,nv,true
ISIC_0025294,nv,nv,1.0,true,true,42.5,light (I–II),nv,nv,true
ISIC_0025298,nv,nv,1.0,true,true,85.7,light (I–II),nv,nv,true
ISIC_0025304,nv,nv,1.0,true,true,90.8,light (I–II),nv,nv,true
ISIC_0025305,nv,nv,0.9998,true,true,86.9,light (I–II),nv,nv,true
ISIC_0025306,nv,nv,1.0,true,true,78.2,light (I–II),nv,nv,true
ISIC_0025308,nv,nv,1.0,true,true,49.8,light (I–II),nv,nv,true
ISIC_0025313,mel,nv,0.9998,false,true,99.4,light (I–II),mel,nv,false
ISIC_0025317,mel,mel,0.9911,true,true,67.8,light (I–II),mel,mel,true
ISIC_0025318,nv,nv,1.0,true,true,49.4,light (I–II),nv,nv,true
ISIC_0025326,bkl,akiec,0.9029,false,true,81.0,light (I–II),bkl,akiec,false
ISIC_0025328,nv,nv,0.9998,true,true,87.1,light (I–II),nv,nv,true
ISIC_0025333,nv,nv,0.9998,true,true,39.9,medium (III–IV),nv,nv,true
ISIC_0025347,nv,nv,0.9999,true,true,55.7,light (I–II),nv,nv,true
ISIC_0025358,akiec,akiec,0.9989,true,true,55.7,light (I–II),akiec,akiec,true
ISIC_0025373,df,df,0.9983,true,true,96.2,light (I–II),df,df,true
ISIC_0025376,bkl,bkl,0.5209,true,true,120.6,light (I–II),bkl,bkl,true
ISIC_0025377,nv,nv,1.0,true,true,40.1,medium (III–IV),nv,nv,true
ISIC_0025387,bkl,bkl,0.9998,true,true,107.0,light (I–II),bkl,bkl,true
ISIC_0025409,mel,nv,0.9564,false,true,159.3,light (I–II),mel,nv,false
ISIC_0025413,mel,mel,0.9997,true,true,87.3,light (I–II),mel,mel,true
ISIC_0025424,nv,nv,0.9999,true,true,84.3,light (I–II),nv,nv,true
ISIC_0025428,nv,nv,0.9998,true,true,126.6,light (I–II),nv,nv,true
ISIC_0025430,nv,nv,0.9997,true,true,62.5,light (I–II),nv,nv,true
ISIC_0025432,nv,nv,1.0,true,true,61.5,light (I–II),nv,nv,true
ISIC_0025436,nv,nv,0.9814,true,true,90.7,light (I–II),nv,nv,true
ISIC_0025444,nv,nv,1.0,true,true,64.2,light (I–II),nv,nv,true
ISIC_0025453,nv,nv,0.8716,true,true,70.9,light (I–II),nv,nv,true
ISIC_0025473,nv,nv,0.9984,true,true,164.4,light (I–II),nv,nv,true
ISIC_0025474,nv,nv,1.0,true,true,46.3,light (I–II),nv,nv,true
ISIC_0025479,nv,nv,1.0,true,true,72.9,light (I–II),nv,nv,true
ISIC_0025480,nv,nv,1.0,true,true,100.4,light (I–II),nv,nv,true
ISIC_0025486,nv,nv,1.0,true,true,51.4,light (I–II),nv,nv,true
ISIC_0025487,nv,nv,1.0,true,true,40.0,medium (III–IV),nv,nv,true
ISIC_0025495,nv,nv,1.0,true,true,44.4,light (I–II),nv,nv,true
ISIC_0025516,nv,nv,0.9999,true,true,108.1,light (I–II),nv,nv,true
ISIC_0025542,nv,nv,0.9929,true,true,79.1,light (I–II),nv,nv,true
ISIC_0025546,mel,mel,0.9934,true,true,99.6,light (I–II),mel,mel,true
ISIC_0025547,nv,nv,0.9998,true,true,119.0,light (I–II),nv,nv,true
ISIC_0025564,bcc,bcc,0.9621,true,true,99.0,light (I–II),bcc,bcc,true
ISIC_0025573,mel,mel,0.9997,true,true,97.8,light (I–II),mel,mel,true
ISIC_0025576,bcc,bcc,0.9999,true,true,87.7,light (I–II),bcc,bcc,true
ISIC_0025578,vasc,vasc,0.9453,true,true,102.8,light (I–II),vasc,vasc,true
ISIC_0025579,nv,nv,0.9985,true,true,89.6,light (I–II),nv,nv,true
ISIC_0025604,nv,nv,1.0,true,true,43.9,light (I–II),nv,nv,true
ISIC_0025605,akiec,akiec,0.7551,true,true,106.4,light (I–II),akiec,akiec,true
ISIC_0025607,nv,nv,1.0,true,true,34.4,medium (III–IV),nv,nv,true
ISIC_0025608,nv,nv,1.0,true,true,60.1,light (I–II),nv,nv,true
ISIC_0025624,nv,nv,1.0,true,true,47.1,light (I–II),nv,nv,true
ISIC_0025632,nv,nv,1.0,true,true,63.7,light (I–II),nv,nv,true
ISIC_0025635,nv,nv,1.0,true,true,32.7,medium (III–IV),nv,nv,true
ISIC_0025650,bcc,bcc,0.9901,true,true,100.6,light (I–II),bcc,bcc,true
ISIC_0025651,mel,mel,0.9313,true,true,78.7,light (I–II),mel,mel,true
ISIC_0025654,bkl,bkl,0.9999,true,true,41.8,light (I–II),bkl,bkl,true
ISIC_0025669,nv,nv,0.9999,true,true,34.4,medium (III–IV),nv,nv,true
ISIC_0025679,nv,nv,0.9991,true,true,78.4,light (I–II),nv,nv,true
ISIC_0025684,nv,nv,0.996,true,true,28.3,medium (III–IV),nv,nv,true
ISIC_0025686,nv,nv,1.0,true,true,39.8,medium (III–IV),nv,nv,true
ISIC_0025695,nv,nv,0.9998,true,true,99.9,light (I–II),nv,nv,true
ISIC_0025720,nv,nv,1.0,true,true,73.0,light (I–II),nv,nv,true
ISIC_0025721,nv,nv,1.0,true,true,100.3,light (I–II),nv,nv,true
ISIC_0025737,nv,nv,1.0,true,true,56.5,light (I–II),nv,nv,true
ISIC_0025749,nv,nv,0.9999,true,true,57.1,light (I–II),nv,nv,true
ISIC_0025750,nv,nv,0.9998,true,true,68.2,light (I–II),nv,nv,true
ISIC_0025753,bkl,bkl,0.994,true,true,59.9,light (I–II),bkl,bkl,true
ISIC_0025764,nv,nv,0.9994,true,true,74.9,light (I–II),nv,nv,true
ISIC_0025766,mel,nv,0.9398,false,true,86.9,light (I–II),mel,nv,false
ISIC_0025770,nv,nv,1.0,true,true,45.3,light (I–II),nv,nv,true
ISIC_0025776,nv,nv,0.9993,true,true,70.6,light (I–II),nv,nv,true
ISIC_0025779,nv,nv,1.0,true,true,63.8,light (I–II),nv,nv,true
ISIC_0025783,mel,nv,0.6703,false,true,119.6,light (I–II),mel,nv,false
ISIC_0025790,akiec,mel,0.9947,false,true,91.0,light (I–II),akiec,mel,false
ISIC_0025802,nv,nv,0.9999,true,true,66.0,light (I–II),nv,nv,true
ISIC_0025803,akiec,akiec,0.9968,true,true,79.4,light (I–II),akiec,akiec,true
ISIC_0025814,mel,mel,0.9973,true,true,87.8,light (I–II),mel,mel,true
ISIC_0025817,nv,nv,1.0,true,true,70.7,light (I–II),nv,nv,true
ISIC_0025819,bkl,bkl,0.9999,true,true,132.2,light (I–II),bkl,bkl,true
ISIC_0025822,nv,nv,0.9999,true,true,70.0,light (I–II),nv,nv,true
ISIC_0025825,akiec,akiec,0.9778,true,true,70.1,light (I–II),akiec,akiec,true
ISIC_0025828,nv,nv,0.9999,true,true,68.6,light (I–II),nv,nv,true
ISIC_0025833,nv,nv,1.0,true,true,67.1,light (I–II),nv,nv,true
ISIC_0025838,bkl,mel,0.985,false,true,84.1,light (I–II),bkl,mel,false
ISIC_0025844,nv,nv,1.0,true,true,49.0,light (I–II),nv,nv,true
ISIC_0025855,nv,nv,0.9995,true,true,72.5,light (I–II),nv,nv,true
ISIC_0025860,nv,nv,0.9982,true,true,135.8,light (I–II),nv,nv,true
ISIC_0025861,nv,nv,1.0,true,true,46.3,light (I–II),nv,nv,true
ISIC_0025862,nv,nv,1.0,true,true,113.9,light (I–II),nv,nv,true
ISIC_0025865,nv,nv,0.9992,true,true,48.8,light (I–II),nv,nv,true
ISIC_0025866,nv,nv,1.0,true,true,63.6,light (I–II),nv,nv,true
ISIC_0025868,nv,nv,0.9999,true,true,55.3,light (I–II),nv,nv,true
ISIC_0025873,vasc,vasc,0.9923,true,true,86.8,light (I–II),vasc,vasc,true
ISIC_0025875,nv,nv,1.0,true,true,58.9,light (I–II),nv,nv,true
ISIC_0025894,nv,nv,1.0,true,true,76.8,light (I–II),nv,nv,true
ISIC_0025908,nv,nv,0.9988,true,true,68.0,light (I–II),nv,nv,true
ISIC_0025910,nv,nv,1.0,true,true,48.3,light (I–II),nv,nv,true
ISIC_0025913,nv,nv,1.0,true,true,60.2,light (I–II),nv,nv,true
ISIC_0025921,nv,nv,1.0,true,true,35.4,medium (III–IV),nv,nv,true
ISIC_0025924,vasc,vasc,0.9957,true,true,88.7,light (I–II),vasc,vasc,true
ISIC_0025925,nv,nv,0.9999,true,true,51.6,light (I–II),nv,nv,true
ISIC_0025926,nv,nv,0.9975,true,true,81.0,light (I–II),nv,nv,true
ISIC_0025928,bkl,mel,0.7876,false,true,123.8,light (I–II),bkl,mel,false
ISIC_0025945,nv,nv,0.9998,true,true,86.7,light (I–II),nv,nv,true
ISIC_0025946,nv,nv,0.7027,true,true,71.3,light (I–II),nv,nv,true
ISIC_0025957,akiec,akiec,0.7465,true,true,77.9,light (I–II),akiec,akiec,true
ISIC_0025967,nv,nv,0.9997,true,true,131.1,light (I–II),nv,nv,true
ISIC_0025984,bkl,mel,0.4009,false,false,80.0,light (I–II),bkl,mel,false
ISIC_0025985,bkl,bkl,0.7747,true,true,83.9,light (I–II),bkl,bkl,true
ISIC_0026010,nv,nv,0.9999,true,true,59.2,light (I–II),nv,nv,true
ISIC_0026031,nv,nv,0.9998,true,true,59.9,light (I–II),nv,nv,true
ISIC_0026036,nv,nv,1.0,true,true,21.5,medium (III–IV),nv,nv,true
ISIC_0026044,bkl,nv,0.9999,false,true,84.8,light (I–II),bkl,nv,false
ISIC_0026046,bkl,bkl,0.9998,true,true,88.7,light (I–II),bkl,bkl,true
ISIC_0026047,nv,nv,0.9998,true,true,76.6,light (I–II),nv,nv,true
ISIC_0026048,nv,nv,0.9986,true,true,74.9,light (I–II),nv,nv,true
ISIC_0026052,nv,nv,0.9999,true,true,62.6,light (I–II),nv,nv,true
ISIC_0026059,nv,nv,1.0,true,true,43.4,light (I–II),nv,nv,true
ISIC_0026061,nv,nv,1.0,true,true,35.0,medium (III–IV),nv,nv,true
ISIC_0026075,nv,nv,1.0,true,true,44.9,light (I–II),nv,nv,true
ISIC_0026100,akiec,bkl,0.533,false,true,99.1,light (I–II),akiec,bkl,false
ISIC_0026108,nv,nv,0.9992,true,true,79.2,light (I–II),nv,nv,true
ISIC_0026118,bcc,bcc,0.9859,true,true,41.4,light (I–II),bcc,bcc,true
ISIC_0026130,nv,nv,1.0,true,true,64.9,light (I–II),nv,nv,true
ISIC_0026133,nv,nv,1.0,true,true,98.1,light (I–II),nv,nv,true
ISIC_0026138,akiec,akiec,0.8872,true,true,82.5,light (I–II),akiec,akiec,true
ISIC_0026142,bkl,nv,0.9979,false,true,85.2,light (I–II),bkl,nv,false
ISIC_0026151,nv,nv,0.9999,true,true,51.3,light (I–II),nv,nv,true
ISIC_0026159,bkl,bkl,0.9971,true,true,68.4,light (I–II),bkl,bkl,true
ISIC_0026162,nv,nv,0.9995,true,true,66.4,light (I–II),nv,nv,true
ISIC_0026165,nv,nv,1.0,true,true,31.4,medium (III–IV),nv,nv,true
ISIC_0026172,nv,nv,1.0,true,true,63.3,light (I–II),nv,nv,true
ISIC_0026179,nv,nv,0.9918,true,true,94.1,light (I–II),nv,nv,true
ISIC_0026181,nv,nv,1.0,true,true,55.9,light (I–II),nv,nv,true
ISIC_0026206,akiec,akiec,0.9862,true,true,77.4,light (I–II),akiec,akiec,true
ISIC_0026208,nv,nv,1.0,true,true,89.7,light (I–II),nv,nv,true
ISIC_0026209,nv,mel,0.9965,false,true,66.6,light (I–II),nv,mel,false
ISIC_0026216,nv,nv,0.9855,true,true,109.5,light (I–II),nv,nv,true
ISIC_0026220,nv,nv,1.0,true,true,54.4,light (I–II),nv,nv,true
ISIC_0026224,nv,nv,0.9997,true,true,75.9,light (I–II),nv,nv,true
ISIC_0026232,nv,nv,1.0,true,true,74.6,light (I–II),nv,nv,true
ISIC_0026237,nv,nv,0.9999,true,true,162.2,light (I–II),nv,nv,true
ISIC_0026238,nv,nv,0.9988,true,true,44.8,light (I–II),nv,nv,true
ISIC_0026242,nv,nv,1.0,true,true,30.1,medium (III–IV),nv,nv,true
ISIC_0026249,bkl,bkl,0.9963,true,true,140.4,light (I–II),bkl,bkl,true
ISIC_0026252,nv,nv,1.0,true,true,63.9,light (I–II),nv,nv,true
ISIC_0026261,nv,nv,1.0,true,true,28.4,medium (III–IV),nv,nv,true
ISIC_0026264,nv,nv,1.0,true,true,37.5,medium (III–IV),nv,nv,true
ISIC_0026267,nv,nv,1.0,true,true,85.7,light (I–II),nv,nv,true
ISIC_0026272,nv,nv,0.9999,true,true,96.5,light (I–II),nv,nv,true
ISIC_0026277,bkl,bkl,0.8984,true,true,154.8,light (I–II),bkl,bkl,true
ISIC_0026279,nv,nv,0.9889,true,true,83.0,light (I–II),nv,nv,true
ISIC_0026288,nv,nv,0.9999,true,true,72.8,light (I–II),nv,nv,true
ISIC_0026292,nv,nv,1.0,true,true,63.0,light (I–II),nv,nv,true
ISIC_0026295,nv,nv,0.9994,true,true,41.5,light (I–II),nv,nv,true
ISIC_0026297,nv,nv,0.9038,true,true,102.0,light (I–II),nv,nv,true
ISIC_0026301,bkl,mel,0.9745,false,true,77.0,light (I–II),bkl,mel,false
ISIC_0026304,nv,nv,1.0,true,true,7.6,dark (V–VI),nv,nv,true
ISIC_0026314,mel,mel,0.6286,true,true,91.8,light (I–II),mel,mel,true
ISIC_0026316,bkl,bkl,0.6948,true,true,86.3,light (I–II),bkl,bkl,true
ISIC_0026317,nv,nv,1.0,true,true,67.4,light (I–II),nv,nv,true
ISIC_0026325,nv,nv,1.0,true,true,39.3,medium (III–IV),nv,nv,true
ISIC_0026334,nv,nv,1.0,true,true,76.4,light (I–II),nv,nv,true
ISIC_0026335,bkl,bkl,0.9921,true,true,69.7,light (I–II),bkl,bkl,true
ISIC_0026344,nv,nv,0.9999,true,true,76.9,light (I–II),nv,nv,true
ISIC_0026350,bcc,bcc,0.9082,true,true,67.6,light (I–II),bcc,bcc,true
ISIC_0026352,mel,mel,0.7064,true,true,100.7,light (I–II),mel,mel,true
ISIC_0026359,nv,nv,0.9574,true,true,58.1,light (I–II),nv,nv,true
ISIC_0026361,nv,nv,0.9999,true,true,53.8,light (I–II),nv,nv,true
ISIC_0026371,nv,nv,1.0,true,true,73.1,light (I–II),nv,nv,true
ISIC_0026378,bkl,bkl,0.9996,true,true,45.2,light (I–II),bkl,bkl,true
ISIC_0026384,nv,nv,0.9998,true,true,107.8,light (I–II),nv,nv,true
ISIC_0026391,nv,nv,0.9996,true,true,97.8,light (I–II),nv,nv,true
ISIC_0026404,nv,bkl,0.5589,false,true,81.2,light (I–II),nv,bkl,false
ISIC_0026405,nv,nv,0.9999,true,true,48.1,light (I–II),nv,nv,true
ISIC_0026414,nv,mel,0.9592,false,true,72.0,light (I–II),nv,mel,false
ISIC_0026420,mel,mel,0.9905,true,true,76.5,light (I–II),mel,mel,true
ISIC_0026427,nv,nv,0.9999,true,true,93.6,light (I–II),nv,nv,true
ISIC_0026441,bkl,bkl,0.976,true,true,88.7,light (I–II),bkl,bkl,true
ISIC_0026449,nv,nv,0.9999,true,true,102.1,light (I–II),nv,nv,true
ISIC_0026464,nv,nv,0.9995,true,true,79.0,light (I–II),nv,nv,true
ISIC_0026466,akiec,nv,0.9972,false,true,63.6,light (I–II),akiec,nv,false
ISIC_0026471,df,df,0.9946,true,true,58.7,light (I–II),df,df,true
ISIC_0026474,nv,nv,1.0,true,true,68.6,light (I–II),nv,nv,true
ISIC_0026476,nv,nv,1.0,true,true,75.3,light (I–II),nv,nv,true
ISIC_0026489,mel,mel,0.9998,true,true,132.9,light (I–II),mel,mel,true
ISIC_0026508,nv,nv,1.0,true,true,80.5,light (I–II),nv,nv,true
ISIC_0026511,bkl,bkl,0.9998,true,true,76.4,light (I–II),bkl,bkl,true
ISIC_0026533,nv,nv,1.0,true,true,53.3,light (I–II),nv,nv,true
ISIC_0026550,nv,nv,1.0,true,true,67.5,light (I–II),nv,nv,true
ISIC_0026558,mel,mel,0.9983,true,true,68.5,light (I–II),mel,mel,true
ISIC_0026561,nv,nv,0.9987,true,true,40.3,medium (III–IV),nv,nv,true
ISIC_0026570,nv,nv,1.0,true,true,64.0,light (I–II),nv,nv,true
ISIC_0026574,bcc,bcc,0.9895,true,true,76.1,light (I–II),bcc,bcc,true
ISIC_0026579,nv,nv,1.0,true,true,49.4,light (I–II),nv,nv,true
ISIC_0026580,nv,nv,0.9434,true,true,69.4,light (I–II),nv,nv,true
ISIC_0026588,nv,nv,0.9998,true,true,62.4,light (I–II),nv,nv,true
ISIC_0026591,nv,nv,0.9999,true,true,49.3,light (I–II),nv,nv,true
ISIC_0026595,nv,nv,0.9999,true,true,83.0,light (I–II),nv,nv,true
ISIC_0026601,nv,mel,0.6651,false,true,82.9,light (I–II),nv,mel,false
ISIC_0026614,bkl,bkl,0.9812,true,true,101.1,light (I–II),bkl,bkl,true
ISIC_0026619,nv,nv,1.0,true,true,69.3,light (I–II),nv,nv,true
ISIC_0026622,mel,mel,0.9999,true,true,108.4,light (I–II),mel,mel,true
ISIC_0026627,nv,nv,1.0,true,true,83.4,light (I–II),nv,nv,true
ISIC_0026635,nv,nv,1.0,true,true,78.9,light (I–II),nv,nv,true
ISIC_0026638,nv,nv,0.9996,true,true,81.2,light (I–II),nv,nv,true
ISIC_0026654,nv,nv,0.9103,true,true,90.2,light (I–II),nv,nv,true
ISIC_0026655,nv,nv,0.9998,true,true,32.8,medium (III–IV),nv,nv,true
ISIC_0026659,nv,nv,1.0,true,true,21.1,medium (III–IV),nv,nv,true
ISIC_0026676,nv,nv,0.9999,true,true,88.1,light (I–II),nv,nv,true
ISIC_0026678,nv,nv,0.9985,true,true,75.6,light (I–II),nv,nv,true
ISIC_0026680,nv,nv,0.9999,true,true,53.9,light (I–II),nv,nv,true
ISIC_0026687,bcc,bcc,0.4939,true,true,82.0,light (I–II),bcc,bcc,true
ISIC_0026693,vasc,vasc,0.9964,true,true,114.6,light (I–II),vasc,vasc,true
ISIC_0026700,nv,nv,0.9999,true,true,64.6,light (I–II),nv,nv,true
ISIC_0026711,nv,nv,0.603,true,true,88.6,light (I–II),nv,nv,true
ISIC_0026725,nv,nv,1.0,true,true,73.8,light (I–II),nv,nv,true
ISIC_0026730,nv,nv,0.9999,true,true,87.0,light (I–II),nv,nv,true
ISIC_0026736,nv,nv,0.9999,true,true,64.4,light (I–II),nv,nv,true
ISIC_0026746,mel,mel,0.7246,true,true,72.6,light (I–II),mel,mel,true
ISIC_0026762,nv,nv,1.0,true,true,61.5,light (I–II),nv,nv,true
ISIC_0026774,mel,nv,0.9994,false,true,77.2,light (I–II),mel,nv,false
ISIC_0026779,nv,nv,1.0,true,true,25.3,medium (III–IV),nv,nv,true
ISIC_0026780,nv,nv,1.0,true,true,81.9,light (I–II),nv,nv,true
ISIC_0026783,bkl,mel,0.9899,false,true,23.1,medium (III–IV),bkl,mel,false
ISIC_0026793,nv,nv,1.0,true,true,64.9,light (I–II),nv,nv,true
ISIC_0026800,nv,nv,1.0,true,true,65.0,light (I–II),nv,nv,true
ISIC_0026813,nv,nv,1.0,true,true,20.8,medium (III–IV),nv,nv,true
ISIC_0026821,nv,nv,1.0,true,true,60.6,light (I–II),nv,nv,true
ISIC_0026831,bcc,bcc,0.9994,true,true,109.6,light (I–II),bcc,bcc,true
ISIC_0026832,nv,nv,1.0,true,true,71.1,light (I–II),nv,nv,true
ISIC_0026833,nv,nv,1.0,true,true,79.3,light (I–II),nv,nv,true
ISIC_0026841,nv,nv,0.9999,true,true,85.1,light (I–II),nv,nv,true
ISIC_0026845,bcc,bcc,0.993,true,true,111.0,light (I–II),bcc,bcc,true
ISIC_0026849,bkl,bkl,0.9947,true,true,74.1,light (I–II),bkl,bkl,true
ISIC_0026852,nv,nv,0.9992,true,true,72.0,light (I–II),nv,nv,true
ISIC_0026853,mel,mel,0.9999,true,true,157.5,light (I–II),mel,mel,true
ISIC_0026870,mel,mel,0.9998,true,true,84.0,light (I–II),mel,mel,true
ISIC_0026874,nv,nv,0.9991,true,true,39.3,medium (III–IV),nv,nv,true
ISIC_0026879,nv,nv,1.0,true,true,68.1,light (I–II),nv,nv,true
ISIC_0026890,nv,nv,0.9949,true,true,84.8,light (I–II),nv,nv,true
ISIC_0026900,nv,nv,1.0,true,true,69.2,light (I–II),nv,nv,true
ISIC_0026905,akiec,akiec,0.533,true,true,88.8,light (I–II),akiec,akiec,true
ISIC_0026923,bkl,bkl,0.9692,true,true,102.8,light (I–II),bkl,bkl,true
ISIC_0026927,akiec,akiec,0.9977,true,true,99.7,light (I–II),akiec,akiec,true
ISIC_0026928,nv,nv,1.0,true,true,76.7,light (I–II),nv,nv,true
ISIC_0026929,nv,nv,1.0,true,true,20.9,medium (III–IV),nv,nv,true
ISIC_0026942,nv,nv,0.7652,true,true,135.5,light (I–II),nv,nv,true
ISIC_0026950,mel,mel,0.9987,true,true,88.9,light (I–II),mel,mel,true
ISIC_0026963,mel,bkl,0.589,false,true,108.1,light (I–II),mel,bkl,false
ISIC_0026973,nv,nv,1.0,true,true,67.9,light (I–II),nv,nv,true
ISIC_0026975,nv,nv,1.0,true,true,83.6,light (I–II),nv,nv,true
ISIC_0026979,nv,nv,0.9971,true,true,87.1,light (I–II),nv,nv,true
ISIC_0026985,nv,nv,1.0,true,true,74.1,light (I–II),nv,nv,true
ISIC_0026987,nv,nv,0.999,true,true,79.1,light (I–II),nv,nv,true
ISIC_0026988,bcc,bcc,0.9993,true,true,27.1,medium (III–IV),bcc,bcc,true
ISIC_0027010,nv,mel,0.9281,false,true,44.2,light (I–II),nv,mel,false
ISIC_0027017,bkl,akiec,0.4413,false,true,61.3,light (I–II),bkl,akiec,false
ISIC_0027020,nv,nv,0.9999,true,true,105.7,light (I–II),nv,nv,true
ISIC_0027024,nv,nv,1.0,true,true,131.5,light (I–II),nv,nv,true
ISIC_0027029,nv,nv,1.0,true,true,37.3,medium (III–IV),nv,nv,true
ISIC_0027077,nv,nv,0.9985,true,true,75.8,light (I–II),nv,nv,true
ISIC_0027079,nv,nv,1.0,true,true,37.7,medium (III–IV),nv,nv,true
ISIC_0027088,nv,nv,0.9999,true,true,76.6,light (I–II),nv,nv,true
ISIC_0027090,bcc,bcc,0.961,true,true,89.8,light (I–II),bcc,bcc,true
ISIC_0027103,nv,nv,0.9987,true,true,106.1,light (I–II),nv,nv,true
ISIC_0027104,nv,nv,0.9999,true,true,85.2,light (I–II),nv,nv,true
ISIC_0027108,nv,nv,0.9999,true,true,61.9,light (I–II),nv,nv,true
ISIC_0027109,nv,nv,0.9993,true,true,83.7,light (I–II),nv,nv,true
ISIC_0027111,nv,nv,1.0,true,true,74.5,light (I–II),nv,nv,true
ISIC_0027115,nv,nv,0.9997,true,true,66.3,light (I–II),nv,nv,true
ISIC_0027130,mel,mel,0.9907,true,true,37.0,medium (III–IV),mel,mel,true
ISIC_0027131,nv,nv,1.0,true,true,52.3,light (I–II),nv,nv,true
ISIC_0027135,bcc,bcc,0.9998,true,true,52.3,light (I–II),bcc,bcc,true
ISIC_0027140,nv,nv,0.9992,true,true,99.9,light (I–II),nv,nv,true
ISIC_0027142,bkl,bkl,0.9986,true,true,75.6,light (I–II),bkl,bkl,true
ISIC_0027168,nv,nv,1.0,true,true,60.7,light (I–II),nv,nv,true
ISIC_0027198,nv,nv,0.9995,true,true,35.2,medium (III–IV),nv,nv,true
ISIC_0027202,bkl,mel,0.7141,false,true,65.5,light (I–II),bkl,mel,false
ISIC_0027210,vasc,vasc,0.9816,true,true,98.5,light (I–II),vasc,vasc,true
ISIC_0027213,nv,nv,0.9817,true,true,111.9,light (I–II),nv,nv,true
ISIC_0027214,nv,nv,1.0,true,true,30.3,medium (III–IV),nv,nv,true
ISIC_0027217,nv,nv,0.9999,true,true,57.2,light (I–II),nv,nv,true
ISIC_0027220,nv,nv,1.0,true,true,44.5,light (I–II),nv,nv,true
ISIC_0027221,nv,nv,1.0,true,true,66.2,light (I–II),nv,nv,true
ISIC_0027238,mel,mel,0.9987,true,true,110.4,light (I–II),mel,mel,true
ISIC_0027262,nv,nv,0.9456,true,true,101.9,light (I–II),nv,nv,true
ISIC_0027266,nv,nv,0.9999,true,true,101.4,light (I–II),nv,nv,true
ISIC_0027268,nv,nv,0.9998,true,true,23.2,medium (III–IV),nv,nv,true
ISIC_0027281,bcc,bcc,0.9998,true,true,101.2,light (I–II),bcc,bcc,true
ISIC_0027284,nv,nv,0.9999,true,true,96.2,light (I–II),nv,nv,true
ISIC_0027291,bcc,bcc,0.9999,true,true,101.2,light (I–II),bcc,bcc,true
ISIC_0027293,nv,nv,0.9775,true,true,76.4,light (I–II),nv,nv,true
ISIC_0027303,akiec,akiec,0.8723,true,true,84.7,light (I–II),akiec,akiec,true
ISIC_0027333,nv,nv,0.9999,true,true,26.3,medium (III–IV),nv,nv,true
ISIC_0027335,bkl,mel,0.998,false,true,84.1,light (I–II),bkl,mel,false
ISIC_0027345,nv,nv,0.9971,true,true,114.7,light (I–II),nv,nv,true
ISIC_0027348,nv,nv,0.9999,true,true,79.5,light (I–II),nv,nv,true
ISIC_0027352,mel,mel,0.9934,true,true,5.3,dark (V–VI),mel,mel,true
ISIC_0027362,nv,nv,1.0,true,true,56.7,light (I–II),nv,nv,true
ISIC_0027380,nv,nv,1.0,true,true,85.1,light (I–II),nv,nv,true
ISIC_0027389,nv,nv,0.9999,true,true,29.5,medium (III–IV),nv,nv,true
ISIC_0027410,nv,nv,0.9368,true,true,-10.2,dark (V–VI),nv,nv,true
ISIC_0027423,nv,nv,0.9983,true,true,60.6,light (I–II),nv,nv,true
ISIC_0027435,bkl,bkl,0.9958,true,true,115.1,light (I–II),bkl,bkl,true
ISIC_0027437,bkl,nv,0.9999,false,false,11.2,dark (V–VI),bkl,nv,false
ISIC_0027439,nv,nv,0.9999,true,true,59.9,light (I–II),nv,nv,true
ISIC_0027441,nv,nv,1.0,true,true,38.2,medium (III–IV),nv,nv,true
ISIC_0027447,akiec,akiec,0.9986,true,true,46.1,light (I–II),akiec,akiec,true
ISIC_0027454,bkl,bkl,0.9992,true,true,86.6,light (I–II),bkl,bkl,true
ISIC_0027455,bkl,nv,0.9859,false,true,107.0,light (I–II),bkl,nv,false
ISIC_0027456,nv,nv,1.0,true,true,57.7,light (I–II),nv,nv,true
ISIC_0027462,nv,nv,0.9902,true,true,71.8,light (I–II),nv,nv,true
ISIC_0027483,nv,nv,0.9999,true,true,77.4,light (I–II),nv,nv,true
ISIC_0027487,mel,mel,0.9997,true,true,59.9,light (I–II),mel,mel,true
ISIC_0027489,nv,nv,1.0,true,true,80.3,light (I–II),nv,nv,true
ISIC_0027496,nv,nv,0.9998,true,true,70.0,light (I–II),nv,nv,true
ISIC_0027497,nv,nv,0.9996,true,true,106.6,light (I–II),nv,nv,true
ISIC_0027503,nv,nv,0.9899,true,true,91.5,light (I–II),nv,nv,true
ISIC_0027505,nv,nv,0.9999,true,true,97.2,light (I–II),nv,nv,true
ISIC_0027515,nv,nv,0.9998,true,true,70.8,light (I–II),nv,nv,true
ISIC_0027516,nv,nv,0.9999,true,true,35.5,medium (III–IV),nv,nv,true
ISIC_0027536,akiec,akiec,0.9978,true,true,48.7,light (I–II),akiec,akiec,true
ISIC_0027546,bcc,bcc,0.8499,true,true,89.6,light (I–II),bcc,bcc,true
ISIC_0027552,mel,mel,0.9779,true,true,74.6,light (I–II),mel,mel,true
ISIC_0027560,mel,mel,0.9999,true,true,89.5,light (I–II),mel,mel,true
ISIC_0027563,vasc,vasc,0.9962,true,true,95.7,light (I–II),vasc,vasc,true
ISIC_0027569,nv,nv,0.999,true,true,107.9,light (I–II),nv,nv,true
ISIC_0027570,nv,nv,0.9999,true,true,79.3,light (I–II),nv,nv,true
ISIC_0027584,bkl,bkl,0.9997,true,true,14.5,dark (V–VI),bkl,bkl,true
ISIC_0027586,nv,nv,1.0,true,true,62.7,light (I–II),nv,nv,true
ISIC_0027588,akiec,akiec,0.9817,true,true,71.8,light (I–II),akiec,akiec,true
ISIC_0027590,mel,mel,0.9985,true,true,90.2,light (I–II),mel,mel,true
ISIC_0027603,nv,nv,0.9999,true,true,80.1,light (I–II),nv,nv,true
ISIC_0027615,akiec,df,0.6356,false,true,78.4,light (I–II),akiec,df,false
ISIC_0027620,mel,nv,0.9996,false,true,73.5,light (I–II),mel,nv,false
ISIC_0027624,nv,nv,1.0,true,true,73.2,light (I–II),nv,nv,true
ISIC_0027646,nv,nv,1.0,true,true,64.7,light (I–II),nv,nv,true
ISIC_0027647,nv,nv,1.0,true,true,82.4,light (I–II),nv,nv,true
ISIC_0027655,nv,nv,1.0,true,true,74.7,light (I–II),nv,nv,true
ISIC_0027663,mel,nv,0.9572,false,true,47.1,light (I–II),mel,nv,false
ISIC_0027674,nv,nv,0.9998,true,true,75.7,light (I–II),nv,nv,true
ISIC_0027677,bcc,bcc,0.9995,true,true,75.4,light (I–II),bcc,bcc,true
ISIC_0027683,nv,nv,1.0,true,true,39.2,medium (III–IV),nv,nv,true
ISIC_0027686,nv,nv,0.9969,true,true,63.3,light (I–II),nv,nv,true
ISIC_0027690,nv,nv,1.0,true,true,36.8,medium (III–IV),nv,nv,true
ISIC_0027692,nv,nv,1.0,true,true,22.3,medium (III–IV),nv,nv,true
ISIC_0027698,nv,nv,0.9997,true,true,68.1,light (I–II),nv,nv,true
ISIC_0027711,nv,nv,0.9981,true,true,100.9,light (I–II),nv,nv,true
ISIC_0027720,nv,nv,1.0,true,true,77.4,light (I–II),nv,nv,true
ISIC_0027725,nv,nv,0.9997,true,true,68.3,light (I–II),nv,nv,true
ISIC_0027726,nv,nv,0.9999,true,true,63.5,light (I–II),nv,nv,true
ISIC_0027739,bkl,nv,0.5261,false,true,124.6,light (I–II),bkl,nv,false
ISIC_0027741,nv,nv,1.0,true,true,22.8,medium (III–IV),nv,nv,true
ISIC_0027748,nv,nv,1.0,true,true,94.9,light (I–II),nv,nv,true
ISIC_0027754,bkl,bkl,0.9961,true,true,120.4,light (I–II),bkl,bkl,true
ISIC_0027764,nv,nv,1.0,true,true,88.4,light (I–II),nv,nv,true
ISIC_0027767,akiec,mel,0.4946,false,true,75.9,light (I–II),akiec,mel,false
ISIC_0027768,nv,nv,0.9922,true,true,25.0,medium (III–IV),nv,nv,true
ISIC_0027776,mel,mel,0.9985,true,true,90.0,light (I–II),mel,mel,true
ISIC_0027777,nv,nv,1.0,true,true,66.7,light (I–II),nv,nv,true
ISIC_0027781,bkl,bkl,0.9958,true,true,65.4,light (I–II),bkl,bkl,true
ISIC_0027783,nv,nv,0.9986,true,true,120.7,light (I–II),nv,nv,true
ISIC_0027795,akiec,bkl,0.9439,false,true,120.0,light (I–II),akiec,bkl,false
ISIC_0027800,nv,nv,0.9972,true,true,109.8,light (I–II),nv,nv,true
ISIC_0027812,nv,nv,0.9904,true,true,55.8,light (I–II),nv,nv,true
ISIC_0027814,bcc,bcc,0.9466,true,true,78.2,light (I–II),bcc,bcc,true
ISIC_0027817,nv,nv,1.0,true,true,65.9,light (I–II),nv,nv,true
ISIC_0027824,nv,nv,1.0,true,true,76.0,light (I–II),nv,nv,true
ISIC_0027832,mel,nv,0.3724,false,true,97.6,light (I–II),mel,nv,false
ISIC_0027833,nv,nv,0.9994,true,true,73.3,light (I–II),nv,nv,true
ISIC_0027840,nv,nv,0.9951,true,true,85.5,light (I–II),nv,nv,true
ISIC_0027853,nv,nv,0.9996,true,true,72.2,light (I–II),nv,nv,true
ISIC_0027867,nv,nv,0.9857,true,true,99.3,light (I–II),nv,nv,true
ISIC_0027870,nv,nv,0.9999,true,true,64.4,light (I–II),nv,nv,true
ISIC_0027876,df,df,0.8595,true,true,108.0,light (I–II),df,df,true
ISIC_0027879,nv,nv,1.0,true,true,55.2,light (I–II),nv,nv,true
ISIC_0027882,nv,nv,1.0,true,true,61.3,light (I–II),nv,nv,true
ISIC_0027883,nv,nv,0.9953,true,true,87.0,light (I–II),nv,nv,true
ISIC_0027896,akiec,akiec,0.9885,true,true,90.7,light (I–II),akiec,akiec,true
ISIC_0027933,nv,nv,0.9996,true,true,85.4,light (I–II),nv,nv,true
ISIC_0027934,nv,nv,0.9999,true,true,68.5,light (I–II),nv,nv,true
ISIC_0027935,nv,nv,1.0,true,true,60.3,light (I–II),nv,nv,true
ISIC_0027936,nv,nv,0.9999,true,true,74.9,light (I–II),nv,nv,true
ISIC_0027937,vasc,vasc,0.9974,true,true,59.9,light (I–II),vasc,vasc,true
ISIC_0027958,akiec,akiec,0.9536,true,true,88.6,light (I–II),akiec,akiec,true
ISIC_0027968,nv,nv,1.0,true,true,29.0,medium (III–IV),nv,nv,true
ISIC_0027969,bkl,bkl,0.9994,true,true,85.9,light (I–II),bkl,bkl,true
ISIC_0027972,nv,nv,0.9999,true,true,71.1,light (I–II),nv,nv,true
ISIC_0027973,bkl,mel,0.9238,false,true,-150.6,dark (V–VI),bkl,mel,false
ISIC_0027974,nv,nv,0.9999,true,true,91.0,light (I–II),nv,nv,true
ISIC_0027983,vasc,vasc,0.9931,true,true,117.1,light (I–II),vasc,vasc,true
ISIC_0027984,nv,nv,0.9996,true,true,84.1,light (I–II),nv,nv,true
ISIC_0027986,nv,nv,0.9999,true,true,67.5,light (I–II),nv,nv,true
ISIC_0027988,nv,nv,0.9835,true,true,94.0,light (I–II),nv,nv,true
ISIC_0027997,nv,nv,0.9928,true,true,60.5,light (I–II),nv,nv,true
ISIC_0028004,nv,nv,1.0,true,true,65.4,light (I–II),nv,nv,true
ISIC_0028007,nv,nv,1.0,true,true,56.9,light (I–II),nv,nv,true
ISIC_0028009,nv,nv,0.999,true,true,130.1,light (I–II),nv,nv,true
ISIC_0028034,nv,nv,1.0,true,true,80.0,light (I–II),nv,nv,true
ISIC_0028053,nv,nv,1.0,true,true,27.6,medium (III–IV),nv,nv,true
ISIC_0028060,nv,nv,0.9999,true,true,50.9,light (I–II),nv,nv,true
ISIC_0028061,nv,nv,1.0,true,true,63.5,light (I–II),nv,nv,true
ISIC_0028090,nv,nv,1.0,true,true,75.3,light (I–II),nv,nv,true
ISIC_0028098,nv,nv,0.9491,true,true,36.7,medium (III–IV),nv,nv,true
ISIC_0028101,nv,nv,0.9999,true,true,113.3,light (I–II),nv,nv,true
ISIC_0028125,nv,nv,1.0,true,true,31.2,medium (III–IV),nv,nv,true
ISIC_0028127,mel,mel,1.0,true,true,76.1,light (I–II),mel,mel,true
ISIC_0028132,akiec,akiec,0.986,true,true,85.7,light (I–II),akiec,akiec,true
ISIC_0028140,nv,nv,1.0,true,true,73.7,light (I–II),nv,nv,true
ISIC_0028142,nv,nv,0.9999,true,true,89.0,light (I–II),nv,nv,true
ISIC_0028147,bcc,mel,0.3465,false,true,38.6,medium (III–IV),bcc,mel,false
ISIC_0028156,mel,mel,0.9795,true,true,79.7,light (I–II),mel,mel,true
ISIC_0028157,nv,nv,0.9998,true,true,79.2,light (I–II),nv,nv,true
ISIC_0028159,nv,nv,0.9911,true,true,63.2,light (I–II),nv,nv,true
ISIC_0028173,mel,nv,0.9841,false,true,61.1,light (I–II),mel,nv,false
ISIC_0028175,nv,nv,0.9999,true,true,91.3,light (I–II),nv,nv,true
ISIC_0028176,nv,nv,1.0,true,true,41.7,light (I–II),nv,nv,true
ISIC_0028177,nv,nv,1.0,true,true,63.0,light (I–II),nv,nv,true
ISIC_0028180,bkl,bkl,0.9968,true,true,119.1,light (I–II),bkl,bkl,true
ISIC_0028183,nv,nv,0.9996,true,true,67.9,light (I–II),nv,nv,true
ISIC_0028191,nv,nv,1.0,true,true,45.2,light (I–II),nv,nv,true
ISIC_0028192,nv,nv,1.0,true,true,73.8,light (I–II),nv,nv,true
ISIC_0028193,nv,nv,1.0,true,true,45.6,light (I–II),nv,nv,true
ISIC_0028201,bkl,bkl,0.999,true,true,113.0,light (I–II),bkl,bkl,true
ISIC_0028207,nv,nv,0.9999,true,true,76.9,light (I–II),nv,nv,true
ISIC_0028208,nv,nv,0.9999,true,true,89.4,light (I–II),nv,nv,true
ISIC_0028209,bkl,bkl,0.9985,true,true,-85.4,dark (V–VI),bkl,bkl,true
ISIC_0028211,mel,mel,0.9042,true,true,110.0,light (I–II),mel,mel,true
ISIC_0028214,nv,nv,0.9712,true,true,5.4,dark (V–VI),nv,nv,true
ISIC_0028219,mel,nv,0.9773,false,true,99.4,light (I–II),mel,nv,false
ISIC_0028224,akiec,akiec,0.9897,true,true,71.7,light (I–II),akiec,akiec,true
ISIC_0028240,nv,nv,0.9999,true,true,8.6,dark (V–VI),nv,nv,true
ISIC_0028243,nv,nv,0.9987,true,true,98.9,light (I–II),nv,nv,true
ISIC_0028246,nv,nv,1.0,true,true,88.3,light (I–II),nv,nv,true
ISIC_0028255,nv,nv,0.9997,true,true,103.9,light (I–II),nv,nv,true
ISIC_0028260,nv,nv,1.0,true,true,22.1,medium (III–IV),nv,nv,true
ISIC_0028277,nv,nv,1.0,true,true,85.8,light (I–II),nv,nv,true
ISIC_0028279,nv,nv,1.0,true,true,25.4,medium (III–IV),nv,nv,true
ISIC_0028288,mel,mel,0.9998,true,true,77.2,light (I–II),mel,mel,true
ISIC_0028302,nv,nv,1.0,true,true,96.2,light (I–II),nv,nv,true
ISIC_0028304,nv,nv,0.9994,true,true,52.5,light (I–II),nv,nv,true
ISIC_0028311,nv,nv,0.9999,true,true,111.1,light (I–II),nv,nv,true
ISIC_0028313,nv,nv,1.0,true,true,63.6,light (I–II),nv,nv,true
ISIC_0028316,bcc,bcc,0.9894,true,true,71.4,light (I–II),bcc,bcc,true
ISIC_0028321,nv,nv,1.0,true,true,57.1,light (I–II),nv,nv,true
ISIC_0028344,nv,nv,0.9998,true,true,71.7,light (I–II),nv,nv,true
ISIC_0028347,bkl,bkl,0.9827,true,true,80.7,light (I–II),bkl,bkl,true
ISIC_0028348,nv,nv,1.0,true,true,76.2,light (I–II),nv,nv,true
ISIC_0028352,mel,mel,0.9987,true,true,125.3,light (I–II),mel,mel,true
ISIC_0028363,nv,nv,0.9999,true,true,53.2,light (I–II),nv,nv,true
ISIC_0028366,nv,nv,1.0,true,true,81.2,light (I–II),nv,nv,true
ISIC_0028369,nv,nv,1.0,true,true,55.1,light (I–II),nv,nv,true
ISIC_0028370,akiec,akiec,0.9917,true,true,59.7,light (I–II),akiec,akiec,true
ISIC_0028375,nv,nv,0.9999,true,true,56.4,light (I–II),nv,nv,true
ISIC_0028378,nv,nv,0.9998,true,true,69.7,light (I–II),nv,nv,true
ISIC_0028383,nv,nv,0.9999,true,true,45.9,light (I–II),nv,nv,true
ISIC_0028384,nv,nv,0.9988,true,true,101.2,light (I–II),nv,nv,true
ISIC_0028390,nv,nv,0.9994,true,true,103.6,light (I–II),nv,nv,true
ISIC_0028420,nv,nv,0.9996,true,true,13.2,dark (V–VI),nv,nv,true
ISIC_0028422,nv,nv,1.0,true,true,70.7,light (I–II),nv,nv,true
ISIC_0028425,nv,nv,0.9998,true,true,41.8,light (I–II),nv,nv,true
ISIC_0028431,vasc,vasc,0.9982,true,true,67.1,light (I–II),vasc,vasc,true
ISIC_0028436,nv,nv,0.93,true,true,107.6,light (I–II),nv,nv,true
ISIC_0028440,nv,nv,1.0,true,true,76.8,light (I–II),nv,nv,true
ISIC_0028447,nv,nv,0.9507,true,true,64.7,light (I–II),nv,nv,true
ISIC_0028450,nv,nv,0.9985,true,true,74.0,light (I–II),nv,nv,true
ISIC_0028456,nv,nv,1.0,true,true,22.5,medium (III–IV),nv,nv,true
ISIC_0028466,nv,nv,1.0,true,true,45.7,light (I–II),nv,nv,true
ISIC_0028510,nv,nv,0.9959,true,true,68.5,light (I–II),nv,nv,true
ISIC_0028513,nv,nv,0.9995,true,true,80.2,light (I–II),nv,nv,true
ISIC_0028525,bkl,bkl,0.9682,true,true,70.2,light (I–II),bkl,bkl,true
ISIC_0028528,nv,nv,0.9997,true,true,107.6,light (I–II),nv,nv,true
ISIC_0028533,nv,nv,1.0,true,true,86.3,light (I–II),nv,nv,true
ISIC_0028545,nv,nv,0.9998,true,true,91.3,light (I–II),nv,nv,true
ISIC_0028548,mel,mel,0.9987,true,true,121.9,light (I–II),mel,mel,true
ISIC_0028551,nv,nv,0.9559,true,true,65.1,light (I–II),nv,nv,true
ISIC_0028556,bcc,bcc,1.0,true,true,92.9,light (I–II),bcc,bcc,true
ISIC_0028573,nv,nv,0.9999,true,true,68.4,light (I–II),nv,nv,true
ISIC_0028575,nv,nv,0.9999,true,true,54.4,light (I–II),nv,nv,true
ISIC_0028587,bkl,bkl,0.9999,true,true,91.1,light (I–II),bkl,bkl,true
ISIC_0028591,nv,nv,0.9982,true,true,96.1,light (I–II),nv,nv,true
ISIC_0028608,nv,nv,0.9959,true,true,-173.6,dark (V–VI),nv,nv,true
ISIC_0028641,nv,nv,1.0,true,true,66.6,light (I–II),nv,nv,true
ISIC_0028650,bkl,nv,0.9071,false,true,91.4,light (I–II),bkl,nv,false
ISIC_0028669,nv,nv,1.0,true,true,48.5,light (I–II),nv,nv,true
ISIC_0028672,nv,nv,1.0,true,true,30.1,medium (III–IV),nv,nv,true
ISIC_0028680,vasc,vasc,0.9854,true,true,99.6,light (I–II),vasc,vasc,true
ISIC_0028681,bkl,bkl,0.9998,true,true,86.6,light (I–II),bkl,bkl,true
ISIC_0028685,mel,mel,0.9989,true,true,64.6,light (I–II),mel,mel,true
ISIC_0028702,bkl,bkl,0.9611,true,true,98.1,light (I–II),bkl,bkl,true
ISIC_0028716,nv,nv,1.0,true,true,71.9,light (I–II),nv,nv,true
ISIC_0028737,nv,nv,0.999,true,true,64.9,light (I–II),nv,nv,true
ISIC_0028738,nv,nv,0.9999,true,true,73.4,light (I–II),nv,nv,true
ISIC_0028745,nv,nv,0.9999,true,true,48.5,light (I–II),nv,nv,true
ISIC_0028751,nv,nv,0.9999,true,true,110.8,light (I–II),nv,nv,true
ISIC_0028757,nv,nv,0.9995,true,true,53.4,light (I–II),nv,nv,true
ISIC_0028778,nv,nv,0.9999,true,true,88.1,light (I–II),nv,nv,true
ISIC_0028788,nv,nv,0.9999,true,true,78.4,light (I–II),nv,nv,true
ISIC_0028807,bcc,bcc,0.7881,true,true,89.6,light (I–II),bcc,bcc,true
ISIC_0028815,bcc,bcc,0.9994,true,true,93.0,light (I–II),bcc,bcc,true
ISIC_0028820,akiec,akiec,0.9977,true,true,104.2,light (I–II),akiec,akiec,true
ISIC_0028821,nv,nv,0.9994,true,true,-26.3,dark (V–VI),nv,nv,true
ISIC_0028827,nv,nv,0.9996,true,true,41.9,light (I–II),nv,nv,true
ISIC_0028837,nv,nv,0.9923,true,true,0.8,dark (V–VI),nv,nv,true
ISIC_0028839,nv,nv,1.0,true,true,70.5,light (I–II),nv,nv,true
ISIC_0028840,bkl,bkl,0.9998,true,true,86.4,light (I–II),bkl,bkl,true
ISIC_0028846,bkl,bkl,0.9999,true,true,108.0,light (I–II),bkl,bkl,true
ISIC_0028848,nv,nv,0.9998,true,true,54.1,light (I–II),nv,nv,true
ISIC_0028863,nv,nv,0.9997,true,true,89.3,light (I–II),nv,nv,true
ISIC_0028871,bcc,bcc,0.9932,true,true,80.6,light (I–II),bcc,bcc,true
ISIC_0028879,nv,nv,0.9999,true,true,72.4,light (I–II),nv,nv,true
ISIC_0028897,mel,mel,0.9973,true,true,104.0,light (I–II),mel,mel,true
ISIC_0028898,mel,mel,0.5836,true,true,103.5,light (I–II),mel,mel,true
ISIC_0028901,mel,mel,0.9935,true,true,-179.7,dark (V–VI),mel,mel,true
ISIC_0028905,nv,nv,0.9992,true,true,99.3,light (I–II),nv,nv,true
ISIC_0028906,nv,nv,1.0,true,true,74.2,light (I–II),nv,nv,true
ISIC_0028914,nv,nv,1.0,true,true,28.3,medium (III–IV),nv,nv,true
ISIC_0028919,nv,nv,1.0,true,true,78.7,light (I–II),nv,nv,true
ISIC_0028924,nv,nv,1.0,true,true,67.0,light (I–II),nv,nv,true
ISIC_0028926,df,mel,0.8863,false,true,69.2,light (I–II),df,mel,false
ISIC_0028929,mel,mel,0.9971,true,true,67.0,light (I–II),mel,mel,true
ISIC_0028934,nv,nv,0.9999,true,true,52.0,light (I–II),nv,nv,true
ISIC_0028943,bkl,bkl,0.993,true,true,100.3,light (I–II),bkl,bkl,true
ISIC_0028944,nv,nv,0.9975,true,true,108.5,light (I–II),nv,nv,true
ISIC_0028946,nv,nv,1.0,true,true,55.0,light (I–II),nv,nv,true
ISIC_0028949,nv,nv,1.0,true,true,66.1,light (I–II),nv,nv,true
ISIC_0028950,nv,nv,1.0,true,true,35.3,medium (III–IV),nv,nv,true
ISIC_0028951,nv,nv,0.9986,true,true,48.5,light (I–II),nv,nv,true
ISIC_0028957,nv,nv,1.0,true,true,96.5,light (I–II),nv,nv,true
ISIC_0028981,nv,mel,0.928,false,true,-10.1,dark (V–VI),nv,mel,false
ISIC_0028990,akiec,df,0.9869,false,true,106.6,light (I–II),akiec,df,false
ISIC_0028995,bkl,nv,0.9997,false,true,81.3,light (I–II),bkl,nv,false
ISIC_0028999,nv,nv,0.9781,true,true,56.9,light (I–II),nv,nv,true
ISIC_0029006,nv,nv,1.0,true,true,67.7,light (I–II),nv,nv,true
ISIC_0029009,nv,nv,0.9999,true,true,71.8,light (I–II),nv,nv,true
ISIC_0029010,bkl,bkl,0.9949,true,true,106.6,light (I–II),bkl,bkl,true
ISIC_0029011,nv,nv,1.0,true,true,50.0,light (I–II),nv,nv,true
ISIC_0029016,nv,nv,1.0,true,true,77.4,light (I–II),nv,nv,true
ISIC_0029020,bcc,bcc,0.9973,true,true,87.6,light (I–II),bcc,bcc,true
ISIC_0029022,bkl,bkl,0.9849,true,true,96.6,light (I–II),bkl,bkl,true
ISIC_0029033,mel,mel,0.9538,true,true,100.1,light (I–II),mel,mel,true
ISIC_0029043,akiec,bkl,0.6396,false,true,91.6,light (I–II),akiec,bkl,false
ISIC_0029061,bkl,bkl,0.9998,true,true,115.0,light (I–II),bkl,bkl,true
ISIC_0029062,bkl,bkl,0.9963,true,true,85.1,light (I–II),bkl,bkl,true
ISIC_0029063,nv,nv,0.9997,true,true,69.6,light (I–II),nv,nv,true
ISIC_0029068,bkl,bcc,0.9152,false,true,58.1,light (I–II),bkl,bcc,false
ISIC_0029071,nv,nv,1.0,true,true,73.8,light (I–II),nv,nv,true
ISIC_0029076,nv,nv,0.9999,true,true,73.7,light (I–II),nv,nv,true
ISIC_0029083,bcc,bcc,0.9952,true,true,50.9,light (I–II),bcc,bcc,true
ISIC_0029084,nv,nv,0.9999,true,true,63.7,light (I–II),nv,nv,true
ISIC_0029092,mel,mel,0.9229,true,true,64.0,light (I–II),mel,mel,true
ISIC_0029095,nv,nv,0.9985,true,true,68.4,light (I–II),nv,nv,true
ISIC_0029104,nv,nv,0.999,true,true,79.4,light (I–II),nv,nv,true
ISIC_0029119,nv,nv,0.9999,true,true,53.2,light (I–II),nv,nv,true
ISIC_0029126,bkl,bkl,0.903,true,true,66.7,light (I–II),bkl,bkl,true
ISIC_0029127,nv,nv,0.9991,true,true,79.3,light (I–II),nv,nv,true
ISIC_0029132,nv,nv,0.9999,true,true,74.9,light (I–II),nv,nv,true
ISIC_0029138,nv,nv,0.9978,true,true,93.1,light (I–II),nv,nv,true
ISIC_0029143,nv,nv,0.9966,true,true,110.3,light (I–II),nv,nv,true
ISIC_0029145,nv,bkl,0.7526,false,true,98.0,light (I–II),nv,bkl,false
ISIC_0029148,nv,nv,1.0,true,true,80.3,light (I–II),nv,nv,true
ISIC_0029153,nv,nv,0.9997,true,true,64.5,light (I–II),nv,nv,true
ISIC_0029156,nv,nv,0.9999,true,true,87.7,light (I–II),nv,nv,true
ISIC_0029159,nv,nv,1.0,true,true,64.2,light (I–II),nv,nv,true
ISIC_0029163,mel,mel,0.9987,true,true,139.0,light (I–II),mel,mel,true
ISIC_0029171,nv,nv,0.9999,true,true,14.9,dark (V–VI),nv,nv,true
ISIC_0029176,bkl,bkl,0.5195,true,true,72.6,light (I–II),bkl,bkl,true
ISIC_0029178,nv,nv,0.9988,true,true,65.7,light (I–II),nv,nv,true
ISIC_0029181,nv,nv,0.9999,true,true,64.2,light (I–II),nv,nv,true
ISIC_0029185,nv,nv,1.0,true,true,71.7,light (I–II),nv,nv,true
ISIC_0029188,nv,nv,0.9909,true,true,110.5,light (I–II),nv,nv,true
ISIC_0029192,bcc,bcc,0.9994,true,true,93.7,light (I–II),bcc,bcc,true
ISIC_0029196,nv,nv,0.9997,true,true,61.1,light (I–II),nv,nv,true
ISIC_0029199,nv,nv,0.9992,true,true,115.8,light (I–II),nv,nv,true
ISIC_0029216,mel,mel,0.9994,true,true,130.5,light (I–II),mel,mel,true
ISIC_0029217,bkl,bkl,0.9865,true,true,90.1,light (I–II),bkl,bkl,true
ISIC_0029239,nv,nv,1.0,true,true,44.7,light (I–II),nv,nv,true
ISIC_0029240,nv,nv,0.9999,true,true,88.2,light (I–II),nv,nv,true
ISIC_0029241,mel,mel,0.9995,true,true,92.1,light (I–II),mel,mel,true
ISIC_0029244,nv,nv,1.0,true,true,58.0,light (I–II),nv,nv,true
ISIC_0029247,nv,nv,0.9997,true,true,93.7,light (I–II),nv,nv,true
ISIC_0029263,bcc,bcc,0.9975,true,true,82.4,light (I–II),bcc,bcc,true
ISIC_0029266,nv,nv,1.0,true,true,51.6,light (I–II),nv,nv,true
ISIC_0029267,nv,nv,0.9999,true,true,64.0,light (I–II),nv,nv,true
ISIC_0029268,akiec,bkl,0.9292,false,true,98.4,light (I–II),akiec,bkl,false
ISIC_0029273,nv,nv,0.9999,true,true,42.4,light (I–II),nv,nv,true
ISIC_0029275,nv,nv,1.0,true,true,57.1,light (I–II),nv,nv,true
ISIC_0029277,nv,nv,0.9981,true,true,73.9,light (I–II),nv,nv,true
ISIC_0029289,bkl,nv,0.9789,false,true,111.1,light (I–II),bkl,nv,false
ISIC_0029293,nv,nv,0.9991,true,true,69.3,light (I–II),nv,nv,true
ISIC_0029297,df,df,0.9923,true,true,37.9,medium (III–IV),df,df,true
ISIC_0029313,nv,nv,0.9856,true,true,85.0,light (I–II),nv,nv,true
ISIC_0029315,akiec,akiec,0.9845,true,true,93.2,light (I–II),akiec,akiec,true
ISIC_0029316,mel,mel,0.9997,true,true,62.3,light (I–II),mel,mel,true
ISIC_0029322,nv,nv,1.0,true,true,75.2,light (I–II),nv,nv,true
ISIC_0029326,nv,nv,1.0,true,true,69.1,light (I–II),nv,nv,true
ISIC_0029333,nv,nv,0.9999,true,true,50.7,light (I–II),nv,nv,true
ISIC_0029346,nv,nv,0.9999,true,true,67.6,light (I–II),nv,nv,true
ISIC_0029362,akiec,bcc,0.8155,false,true,76.5,light (I–II),akiec,bcc,false
ISIC_0029364,nv,nv,0.9999,true,true,78.8,light (I–II),nv,nv,true
ISIC_0029378,nv,nv,1.0,true,true,77.3,light (I–II),nv,nv,true
ISIC_0029379,nv,nv,1.0,true,true,36.7,medium (III–IV),nv,nv,true
ISIC_0029384,bkl,bkl,0.9985,true,true,137.2,light (I–II),bkl,bkl,true
ISIC_0029396,bkl,bkl,0.4005,true,true,85.0,light (I–II),bkl,bkl,true
ISIC_0029403,nv,nv,1.0,true,true,66.5,light (I–II),nv,nv,true
ISIC_0029408,nv,nv,0.9999,true,true,86.5,light (I–II),nv,nv,true
ISIC_0029414,nv,nv,1.0,true,true,42.7,light (I–II),nv,nv,true
ISIC_0029418,bkl,nv,0.9739,false,true,108.2,light (I–II),bkl,nv,false
ISIC_0029420,bkl,bkl,0.9999,true,true,116.9,light (I–II),bkl,bkl,true
ISIC_0029441,nv,nv,0.9713,true,true,91.9,light (I–II),nv,nv,true
ISIC_0029446,nv,nv,1.0,true,true,72.9,light (I–II),nv,nv,true
ISIC_0029448,vasc,vasc,0.9927,true,true,103.3,light (I–II),vasc,vasc,true
ISIC_0029457,nv,nv,0.9888,true,true,78.8,light (I–II),nv,nv,true
ISIC_0029458,nv,nv,1.0,true,true,45.3,light (I–II),nv,nv,true
ISIC_0029469,nv,nv,0.9999,true,true,57.4,light (I–II),nv,nv,true
ISIC_0029490,nv,nv,1.0,true,true,38.9,medium (III–IV),nv,nv,true
ISIC_0029509,nv,nv,0.9999,true,true,2.8,dark (V–VI),nv,nv,true
ISIC_0029518,bkl,bkl,0.9998,true,true,122.1,light (I–II),bkl,bkl,true
ISIC_0029523,nv,nv,1.0,true,true,59.6,light (I–II),nv,nv,true
ISIC_0029534,nv,nv,0.9876,true,true,42.3,light (I–II),nv,nv,true
ISIC_0029538,mel,nv,0.9997,false,true,92.2,light (I–II),mel,nv,false
ISIC_0029542,nv,nv,0.9999,true,true,52.4,light (I–II),nv,nv,true
ISIC_0029543,nv,nv,0.9987,true,true,77.6,light (I–II),nv,nv,true
ISIC_0029547,mel,mel,0.9919,true,true,95.9,light (I–II),mel,mel,true
ISIC_0029557,bkl,bkl,0.9037,true,true,79.1,light (I–II),bkl,bkl,true
ISIC_0029558,mel,mel,0.9995,true,true,47.0,light (I–II),mel,mel,true
ISIC_0029567,akiec,bkl,0.696,false,true,99.1,light (I–II),akiec,bkl,false
ISIC_0029571,mel,mel,0.9988,true,true,121.2,light (I–II),mel,mel,true
ISIC_0029574,mel,mel,0.9998,true,true,68.1,light (I–II),mel,mel,true
ISIC_0029577,nv,nv,0.9998,true,true,51.6,light (I–II),nv,nv,true
ISIC_0029582,akiec,akiec,0.9947,true,true,58.3,light (I–II),akiec,akiec,true
ISIC_0029610,akiec,bkl,0.9694,false,true,102.0,light (I–II),akiec,bkl,false
ISIC_0029616,nv,nv,0.9998,true,true,61.2,light (I–II),nv,nv,true
ISIC_0029619,nv,nv,1.0,true,true,31.8,medium (III–IV),nv,nv,true
ISIC_0029630,mel,mel,0.9999,true,true,121.3,light (I–II),mel,mel,true
ISIC_0029637,nv,nv,1.0,true,true,74.9,light (I–II),nv,nv,true
ISIC_0029648,nv,nv,1.0,true,true,25.3,medium (III–IV),nv,nv,true
ISIC_0029655,bcc,bcc,0.9934,true,true,60.6,light (I–II),bcc,bcc,true
ISIC_0029665,nv,mel,0.7312,false,true,81.5,light (I–II),nv,mel,false
ISIC_0029666,nv,nv,0.9999,true,true,59.8,light (I–II),nv,nv,true
ISIC_0029683,bkl,mel,0.9805,false,true,95.2,light (I–II),bkl,mel,false
ISIC_0029705,mel,mel,0.514,true,true,71.8,light (I–II),mel,mel,true
ISIC_0029706,nv,nv,0.9999,true,true,51.0,light (I–II),nv,nv,true
ISIC_0029711,nv,nv,1.0,true,true,40.7,medium (III–IV),nv,nv,true
ISIC_0029723,nv,nv,0.9997,true,true,42.7,light (I–II),nv,nv,true
ISIC_0029756,nv,nv,0.9973,true,true,109.4,light (I–II),nv,nv,true
ISIC_0029761,nv,nv,1.0,true,true,85.1,light (I–II),nv,nv,true
ISIC_0029763,nv,nv,0.9998,true,true,60.3,light (I–II),nv,nv,true
ISIC_0029766,nv,nv,0.9999,true,true,41.7,light (I–II),nv,nv,true
ISIC_0029770,bkl,bkl,0.9208,true,true,77.7,light (I–II),bkl,bkl,true
ISIC_0029774,nv,nv,1.0,true,true,84.3,light (I–II),nv,nv,true
ISIC_0029795,nv,nv,1.0,true,true,67.7,light (I–II),nv,nv,true
ISIC_0029796,nv,nv,1.0,true,true,62.5,light (I–II),nv,nv,true
ISIC_0029798,nv,nv,0.9999,true,true,37.1,medium (III–IV),nv,nv,true
ISIC_0029799,nv,nv,0.9999,true,true,25.0,medium (III–IV),nv,nv,true
ISIC_0029813,nv,nv,0.9999,true,true,55.1,light (I–II),nv,nv,true
ISIC_0029817,nv,nv,1.0,true,true,66.7,light (I–II),nv,nv,true
ISIC_0029818,nv,nv,0.9997,true,true,82.5,light (I–II),nv,nv,true
ISIC_0029820,bcc,bcc,0.899,true,true,28.2,medium (III–IV),bcc,bcc,true
ISIC_0029835,nv,nv,0.9999,true,true,109.0,light (I–II),nv,nv,true
ISIC_0029871,nv,nv,1.0,true,true,67.7,light (I–II),nv,nv,true
ISIC_0029873,nv,nv,1.0,true,true,72.2,light (I–II),nv,nv,true
ISIC_0029874,nv,nv,1.0,true,true,58.2,light (I–II),nv,nv,true
ISIC_0029875,nv,nv,1.0,true,true,91.7,light (I–II),nv,nv,true
ISIC_0029883,nv,nv,0.9999,true,true,50.1,light (I–II),nv,nv,true
ISIC_0029898,nv,nv,0.9982,true,true,85.0,light (I–II),nv,nv,true
ISIC_0029899,bcc,bcc,0.9993,true,true,95.0,light (I–II),bcc,bcc,true
ISIC_0029908,nv,nv,1.0,true,true,16.0,dark (V–VI),nv,nv,true
ISIC_0029912,bkl,nv,0.9489,false,true,111.5,light (I–II),bkl,nv,false
ISIC_0029938,nv,nv,0.9999,true,true,60.9,light (I–II),nv,nv,true
ISIC_0029939,nv,nv,0.9999,true,true,54.5,light (I–II),nv,nv,true
ISIC_0029941,nv,nv,1.0,true,true,54.3,light (I–II),nv,nv,true
ISIC_0029945,nv,nv,0.8428,true,true,126.9,light (I–II),nv,nv,true
ISIC_0029946,nv,nv,1.0,true,true,82.8,light (I–II),nv,nv,true
ISIC_0029967,df,df,0.8628,true,true,69.2,light (I–II),df,df,true
ISIC_0029968,nv,nv,1.0,true,true,52.0,light (I–II),nv,nv,true
ISIC_0029986,nv,nv,0.5504,true,true,69.9,light (I–II),nv,nv,true
ISIC_0029988,nv,nv,0.9999,true,true,9.0,dark (V–VI),nv,nv,true
ISIC_0030004,nv,nv,1.0,true,true,44.6,light (I–II),nv,nv,true
ISIC_0030008,nv,nv,0.9965,true,true,119.1,light (I–II),nv,nv,true
ISIC_0030013,nv,nv,1.0,true,true,72.8,light (I–II),nv,nv,true
ISIC_0030015,df,df,0.9953,true,true,106.0,light (I–II),df,df,true
ISIC_0030019,nv,nv,0.9997,true,true,36.9,medium (III–IV),nv,nv,true
ISIC_0030027,nv,nv,0.9996,true,true,82.1,light (I–II),nv,nv,true
ISIC_0030038,nv,nv,0.9999,true,true,85.4,light (I–II),nv,nv,true
ISIC_0030039,nv,nv,0.9997,true,true,83.9,light (I–II),nv,nv,true
ISIC_0030045,nv,nv,0.9999,true,true,29.3,medium (III–IV),nv,nv,true
ISIC_0030047,mel,nv,0.8914,false,true,90.0,light (I–II),mel,nv,false
ISIC_0030050,nv,nv,1.0,true,true,52.6,light (I–II),nv,nv,true
ISIC_0030052,nv,nv,0.9999,true,true,55.3,light (I–II),nv,nv,true
ISIC_0030057,nv,nv,0.999,true,true,64.5,light (I–II),nv,nv,true
ISIC_0030069,nv,nv,0.9999,true,true,80.8,light (I–II),nv,nv,true
ISIC_0030072,nv,nv,1.0,true,true,99.4,light (I–II),nv,nv,true
ISIC_0030088,bkl,bkl,0.9977,true,true,46.2,light (I–II),bkl,bkl,true
ISIC_0030099,nv,nv,0.9999,true,true,48.2,light (I–II),nv,nv,true
ISIC_0030100,nv,nv,1.0,true,true,50.6,light (I–II),nv,nv,true
ISIC_0030104,vasc,vasc,0.9975,true,true,68.6,light (I–II),vasc,vasc,true
ISIC_0030112,nv,nv,1.0,true,true,61.1,light (I–II),nv,nv,true
ISIC_0030124,bkl,bkl,0.9987,true,true,76.7,light (I–II),bkl,bkl,true
ISIC_0030126,nv,nv,0.9999,true,true,91.0,light (I–II),nv,nv,true
ISIC_0030131,nv,nv,1.0,true,true,75.1,light (I–II),nv,nv,true
ISIC_0030137,bkl,bkl,0.9982,true,true,54.4,light (I–II),bkl,bkl,true
ISIC_0030143,akiec,bkl,0.8744,false,true,70.4,light (I–II),akiec,bkl,false
ISIC_0030145,bcc,bcc,0.9994,true,true,81.9,light (I–II),bcc,bcc,true
ISIC_0030146,nv,nv,1.0,true,true,61.8,light (I–II),nv,nv,true
ISIC_0030147,nv,nv,1.0,true,true,23.2,medium (III–IV),nv,nv,true
ISIC_0030151,nv,nv,0.8772,true,true,114.8,light (I–II),nv,nv,true
ISIC_0030153,nv,nv,0.9998,true,true,74.1,light (I–II),nv,nv,true
ISIC_0030154,nv,nv,1.0,true,true,60.9,light (I–II),nv,nv,true
ISIC_0030155,nv,nv,0.9999,true,true,100.2,light (I–II),nv,nv,true
ISIC_0030160,bkl,nv,0.9998,false,false,81.1,light (I–II),bkl,nv,false
ISIC_0030161,nv,nv,0.9998,true,true,46.3,light (I–II),nv,nv,true
ISIC_0030162,nv,nv,0.9999,true,true,58.6,light (I–II),nv,nv,true
ISIC_0030165,mel,mel,0.9999,true,true,57.4,light (I–II),mel,mel,true
ISIC_0030168,nv,nv,0.9997,true,true,64.9,light (I–II),nv,nv,true
ISIC_0030187,mel,mel,0.9946,true,true,76.9,light (I–II),mel,mel,true
ISIC_0030188,bkl,bkl,0.9376,true,true,88.2,light (I–II),bkl,bkl,true
ISIC_0030194,nv,nv,0.936,true,true,106.3,light (I–II),nv,nv,true
ISIC_0030197,bcc,bcc,0.9957,true,true,96.5,light (I–II),bcc,bcc,true
ISIC_0030207,bkl,bkl,0.9844,true,true,55.5,light (I–II),bkl,bkl,true
ISIC_0030217,nv,nv,1.0,true,true,47.1,light (I–II),nv,nv,true
ISIC_0030222,nv,nv,1.0,true,true,43.4,light (I–II),nv,nv,true
ISIC_0030227,bkl,bkl,0.4893,true,true,81.5,light (I–II),bkl,bkl,true
ISIC_0030231,bkl,akiec,0.894,false,false,64.9,light (I–II),bkl,akiec,false
ISIC_0030233,bcc,bcc,0.6759,true,true,84.5,light (I–II),bcc,bcc,true
ISIC_0030240,bkl,bkl,0.9934,true,true,159.4,light (I–II),bkl,bkl,true
ISIC_0030244,df,df,0.9082,true,true,94.5,light (I–II),df,df,true
ISIC_0030245,akiec,akiec,0.8036,true,true,61.6,light (I–II),akiec,akiec,true
ISIC_0030250,nv,nv,0.9999,true,true,85.9,light (I–II),nv,nv,true
ISIC_0030261,bcc,bcc,0.9938,true,true,73.8,light (I–II),bcc,bcc,true
ISIC_0030266,nv,nv,0.9998,true,true,35.9,medium (III–IV),nv,nv,true
ISIC_0030287,nv,nv,1.0,true,true,58.4,light (I–II),nv,nv,true
ISIC_0030300,nv,nv,0.9997,true,true,100.4,light (I–II),nv,nv,true
ISIC_0030303,nv,nv,0.9997,true,true,111.5,light (I–II),nv,nv,true
ISIC_0030309,nv,nv,0.9991,true,true,69.3,light (I–II),nv,nv,true
ISIC_0030316,bkl,nv,0.989,false,true,54.9,light (I–II),bkl,nv,false
ISIC_0030321,df,df,0.9199,true,true,82.1,light (I–II),df,df,true
ISIC_0030323,bkl,bkl,0.5708,true,true,93.9,light (I–II),bkl,bkl,true
ISIC_0030324,mel,mel,0.9994,true,true,42.7,light (I–II),mel,mel,true
ISIC_0030339,bcc,bcc,0.9998,true,true,82.6,light (I–II),bcc,bcc,true
ISIC_0030351,nv,nv,1.0,true,true,57.7,light (I–II),nv,nv,true
ISIC_0030361,nv,nv,1.0,true,true,87.3,light (I–II),nv,nv,true
ISIC_0030363,nv,nv,0.9999,true,true,71.0,light (I–II),nv,nv,true
ISIC_0030366,mel,nv,0.7982,false,true,83.5,light (I–II),mel,nv,false
ISIC_0030374,nv,nv,1.0,true,true,28.6,medium (III–IV),nv,nv,true
ISIC_0030385,nv,nv,0.9998,true,true,49.7,light (I–II),nv,nv,true
ISIC_0030410,nv,nv,0.9978,true,true,122.2,light (I–II),nv,nv,true
ISIC_0030414,nv,nv,0.9999,true,true,67.8,light (I–II),nv,nv,true
ISIC_0030428,nv,nv,0.9999,true,true,46.6,light (I–II),nv,nv,true
ISIC_0030429,nv,nv,0.9314,true,true,91.5,light (I–II),nv,nv,true
ISIC_0030431,nv,nv,1.0,true,true,76.6,light (I–II),nv,nv,true
ISIC_0030433,nv,nv,1.0,true,true,69.6,light (I–II),nv,nv,true
ISIC_0030435,nv,nv,1.0,true,true,43.6,light (I–II),nv,nv,true
ISIC_0030439,nv,nv,1.0,true,true,58.0,light (I–II),nv,nv,true
ISIC_0030447,nv,nv,0.9986,true,true,89.3,light (I–II),nv,nv,true
ISIC_0030450,nv,nv,0.9997,true,true,44.3,light (I–II),nv,nv,true
ISIC_0030473,nv,nv,0.9992,true,true,73.4,light (I–II),nv,nv,true
ISIC_0030478,nv,nv,1.0,true,true,43.8,light (I–II),nv,nv,true
ISIC_0030481,nv,nv,1.0,true,true,62.6,light (I–II),nv,nv,true
ISIC_0030483,nv,nv,1.0,true,true,55.2,light (I–II),nv,nv,true
ISIC_0030493,nv,nv,0.9998,true,true,61.6,light (I–II),nv,nv,true
ISIC_0030495,nv,nv,0.9999,true,true,68.6,light (I–II),nv,nv,true
ISIC_0030503,nv,nv,1.0,true,true,103.9,light (I–II),nv,nv,true
ISIC_0030504,nv,nv,0.9997,true,true,25.1,medium (III–IV),nv,nv,true
ISIC_0030508,nv,nv,0.9922,true,true,83.1,light (I–II),nv,nv,true
ISIC_0030520,nv,nv,0.9996,true,true,112.7,light (I–II),nv,nv,true
ISIC_0030529,nv,nv,1.0,true,true,84.6,light (I–II),nv,nv,true
ISIC_0030530,nv,nv,1.0,true,true,66.1,light (I–II),nv,nv,true
ISIC_0030537,nv,nv,0.9943,true,true,87.1,light (I–II),nv,nv,true
ISIC_0030538,nv,nv,0.9999,true,true,63.1,light (I–II),nv,nv,true
ISIC_0030541,nv,nv,0.9999,true,true,93.6,light (I–II),nv,nv,true
ISIC_0030546,nv,nv,0.9992,true,true,70.5,light (I–II),nv,nv,true
ISIC_0030551,nv,nv,1.0,true,true,48.5,light (I–II),nv,nv,true
ISIC_0030556,nv,nv,1.0,true,true,67.2,light (I–II),nv,nv,true
ISIC_0030569,nv,nv,0.9993,true,true,46.7,light (I–II),nv,nv,true
ISIC_0030580,nv,nv,0.5556,true,true,82.6,light (I–II),nv,nv,true
ISIC_0030590,nv,nv,1.0,true,true,84.4,light (I–II),nv,nv,true
ISIC_0030593,nv,nv,0.9994,true,true,86.4,light (I–II),nv,nv,true
ISIC_0030595,nv,nv,1.0,true,true,46.8,light (I–II),nv,nv,true
ISIC_0030602,akiec,akiec,0.7764,true,true,56.4,light (I–II),akiec,akiec,true
ISIC_0030611,nv,nv,1.0,true,true,39.6,medium (III–IV),nv,nv,true
ISIC_0030612,nv,nv,1.0,true,true,79.4,light (I–II),nv,nv,true
ISIC_0030637,nv,nv,1.0,true,true,32.3,medium (III–IV),nv,nv,true
ISIC_0030657,nv,nv,1.0,true,true,54.3,light (I–II),nv,nv,true
ISIC_0030660,nv,nv,0.9999,true,true,57.3,light (I–II),nv,nv,true
ISIC_0030662,nv,nv,0.9999,true,true,57.1,light (I–II),nv,nv,true
ISIC_0030677,bkl,bkl,0.997,true,true,96.4,light (I–II),bkl,bkl,true
ISIC_0030695,mel,bkl,0.7669,false,true,86.3,light (I–II),mel,bkl,false
ISIC_0030707,akiec,akiec,0.6595,true,true,65.6,light (I–II),akiec,akiec,true
ISIC_0030712,bcc,bcc,0.9997,true,true,86.8,light (I–II),bcc,bcc,true
ISIC_0030715,nv,nv,0.9999,true,true,57.4,light (I–II),nv,nv,true
ISIC_0030725,nv,nv,1.0,true,true,68.7,light (I–II),nv,nv,true
ISIC_0030727,nv,nv,0.9998,true,true,36.9,medium (III–IV),nv,nv,true
ISIC_0030739,nv,nv,0.9997,true,true,59.6,light (I–II),nv,nv,true
ISIC_0030743,nv,nv,0.9998,true,true,27.3,medium (III–IV),nv,nv,true
ISIC_0030752,nv,nv,0.9999,true,true,73.2,light (I–II),nv,nv,true
ISIC_0030754,mel,mel,0.9737,true,true,48.6,light (I–II),mel,mel,true
ISIC_0030771,nv,nv,0.999,true,true,48.5,light (I–II),nv,nv,true
ISIC_0030775,nv,nv,0.9999,true,true,85.9,light (I–II),nv,nv,true
ISIC_0030781,nv,nv,0.9999,true,true,37.3,medium (III–IV),nv,nv,true
ISIC_0030785,akiec,bcc,0.5824,false,true,75.3,light (I–II),akiec,bcc,false
ISIC_0030793,nv,nv,0.9199,true,true,87.7,light (I–II),nv,nv,true
ISIC_0030808,nv,nv,0.9999,true,true,34.2,medium (III–IV),nv,nv,true
ISIC_0030838,nv,nv,1.0,true,true,49.3,light (I–II),nv,nv,true
ISIC_0030843,mel,nv,0.9949,false,true,91.0,light (I–II),mel,nv,false
ISIC_0030861,nv,nv,1.0,true,true,74.4,light (I–II),nv,nv,true
ISIC_0030864,nv,nv,0.9999,true,true,81.7,light (I–II),nv,nv,true
ISIC_0030873,nv,nv,0.5898,true,true,66.9,light (I–II),nv,nv,true
ISIC_0030879,nv,nv,0.9995,true,true,52.3,light (I–II),nv,nv,true
ISIC_0030881,nv,nv,1.0,true,true,47.7,light (I–II),nv,nv,true
ISIC_0030884,nv,nv,0.9999,true,true,43.6,light (I–II),nv,nv,true
ISIC_0030892,nv,nv,0.9997,true,true,74.7,light (I–II),nv,nv,true
ISIC_0030894,nv,nv,0.8093,true,true,72.0,light (I–II),nv,nv,true
ISIC_0030895,nv,nv,1.0,true,true,84.8,light (I–II),nv,nv,true
ISIC_0030911,nv,nv,1.0,true,true,62.0,light (I–II),nv,nv,true
ISIC_0030912,nv,nv,0.9921,true,true,150.0,light (I–II),nv,nv,true
ISIC_0030917,nv,nv,0.9999,true,true,57.9,light (I–II),nv,nv,true
ISIC_0030919,nv,nv,0.9726,true,true,-156.0,dark (V–VI),nv,nv,true
ISIC_0030920,nv,nv,0.9941,true,true,70.8,light (I–II),nv,nv,true
ISIC_0030933,nv,nv,0.9994,true,true,78.2,light (I–II),nv,nv,true
ISIC_0030938,nv,nv,1.0,true,true,68.5,light (I–II),nv,nv,true
ISIC_0030944,nv,nv,1.0,true,true,59.8,light (I–II),nv,nv,true
ISIC_0030953,akiec,mel,0.8886,false,true,76.9,light (I–II),akiec,mel,false
ISIC_0030958,nv,nv,0.9999,true,true,62.1,light (I–II),nv,nv,true
ISIC_0030984,nv,nv,1.0,true,true,57.4,light (I–II),nv,nv,true
ISIC_0031003,nv,nv,1.0,true,true,65.1,light (I–II),nv,nv,true
ISIC_0031004,nv,nv,0.9999,true,true,56.3,light (I–II),nv,nv,true
ISIC_0031026,bcc,bcc,0.966,true,true,76.1,light (I–II),bcc,bcc,true
ISIC_0031032,nv,nv,0.9999,true,true,78.9,light (I–II),nv,nv,true
ISIC_0031058,nv,nv,0.9999,true,true,66.7,light (I–II),nv,nv,true
ISIC_0031094,nv,nv,0.9998,true,true,113.9,light (I–II),nv,nv,true
ISIC_0031097,nv,nv,1.0,true,true,78.5,light (I–II),nv,nv,true
ISIC_0031103,vasc,vasc,0.9982,true,true,74.3,light (I–II),vasc,vasc,true
ISIC_0031105,nv,nv,0.9992,true,true,125.6,light (I–II),nv,nv,true
ISIC_0031110,nv,nv,1.0,true,true,67.3,light (I–II),nv,nv,true
ISIC_0031111,nv,nv,0.8376,true,true,67.1,light (I–II),nv,nv,true
ISIC_0031124,nv,nv,1.0,true,true,86.0,light (I–II),nv,nv,true
ISIC_0031126,nv,nv,0.9993,true,true,106.2,light (I–II),nv,nv,true
ISIC_0031147,nv,nv,0.9997,true,true,66.8,light (I–II),nv,nv,true
ISIC_0031148,nv,nv,0.999,true,true,114.8,light (I–II),nv,nv,true
ISIC_0031149,nv,nv,0.9998,true,true,82.2,light (I–II),nv,nv,true
ISIC_0031155,nv,nv,0.9998,true,true,71.4,light (I–II),nv,nv,true
ISIC_0031165,nv,nv,0.9996,true,true,71.0,light (I–II),nv,nv,true
ISIC_0031185,nv,nv,0.9999,true,true,72.4,light (I–II),nv,nv,true
ISIC_0031192,nv,nv,0.5308,true,true,112.2,light (I–II),nv,nv,true
ISIC_0031202,nv,mel,0.983,false,true,64.8,light (I–II),nv,mel,false
ISIC_0031203,mel,mel,0.9801,true,true,78.5,light (I–II),mel,mel,true
ISIC_0031206,nv,nv,0.9996,true,true,67.1,light (I–II),nv,nv,true
ISIC_0031210,nv,nv,1.0,true,true,32.6,medium (III–IV),nv,nv,true
ISIC_0031218,bkl,bcc,0.6891,false,true,-71.9,dark (V–VI),bkl,bcc,false
ISIC_0031221,nv,nv,0.9735,true,true,80.7,light (I–II),nv,nv,true
ISIC_0031242,nv,nv,0.9999,true,true,64.5,light (I–II),nv,nv,true
ISIC_0031248,nv,nv,0.9999,true,true,57.7,light (I–II),nv,nv,true
ISIC_0031259,nv,nv,0.9996,true,true,113.5,light (I–II),nv,nv,true
ISIC_0031261,bkl,bkl,0.9979,true,true,108.9,light (I–II),bkl,bkl,true
ISIC_0031269,nv,nv,1.0,true,true,87.7,light (I–II),nv,nv,true
ISIC_0031271,df,df,0.998,true,true,83.9,light (I–II),df,df,true
ISIC_0031280,nv,nv,0.9998,true,true,64.3,light (I–II),nv,nv,true
ISIC_0031288,nv,nv,0.9998,true,true,94.0,light (I–II),nv,nv,true
ISIC_0031290,nv,nv,0.9984,true,true,105.5,light (I–II),nv,nv,true
ISIC_0031291,nv,nv,0.9999,true,true,52.0,light (I–II),nv,nv,true
ISIC_0031300,nv,nv,1.0,true,true,71.4,light (I–II),nv,nv,true
ISIC_0031301,nv,nv,0.9757,true,true,82.6,light (I–II),nv,nv,true
ISIC_0031302,nv,nv,0.9887,true,true,74.6,light (I–II),nv,nv,true
ISIC_0031303,mel,mel,0.9994,true,true,117.7,light (I–II),mel,mel,true
ISIC_0031308,nv,mel,0.9372,false,true,9.3,dark (V–VI),nv,mel,false
ISIC_0031316,nv,nv,1.0,true,true,65.6,light (I–II),nv,nv,true
ISIC_0031320,nv,nv,1.0,true,true,71.1,light (I–II),nv,nv,true
ISIC_0031322,nv,nv,0.996,true,true,90.3,light (I–II),nv,nv,true
ISIC_0031326,bkl,bkl,0.999,true,true,107.8,light (I–II),bkl,bkl,true
ISIC_0031346,vasc,vasc,0.9812,true,true,141.3,light (I–II),vasc,vasc,true
ISIC_0031365,nv,nv,1.0,true,true,34.1,medium (III–IV),nv,nv,true
ISIC_0031385,nv,nv,0.9982,true,true,119.7,light (I–II),nv,nv,true
ISIC_0031386,mel,mel,0.9975,true,true,127.9,light (I–II),mel,mel,true
ISIC_0031387,nv,nv,0.9999,true,true,66.1,light (I–II),nv,nv,true
ISIC_0031399,nv,nv,0.9997,true,true,72.0,light (I–II),nv,nv,true
ISIC_0031414,nv,nv,1.0,true,true,67.4,light (I–II),nv,nv,true
ISIC_0031424,bkl,bkl,0.9973,true,true,89.4,light (I–II),bkl,bkl,true
ISIC_0031432,nv,nv,0.9999,true,true,69.3,light (I–II),nv,nv,true
ISIC_0031434,nv,nv,1.0,true,true,66.1,light (I–II),nv,nv,true
ISIC_0031438,nv,nv,1.0,true,true,108.7,light (I–II),nv,nv,true
ISIC_0031452,nv,nv,1.0,true,true,71.1,light (I–II),nv,nv,true
ISIC_0031455,nv,nv,0.9968,true,true,54.8,light (I–II),nv,nv,true
ISIC_0031456,nv,nv,1.0,true,true,52.0,light (I–II),nv,nv,true
ISIC_0031472,nv,nv,1.0,true,true,76.3,light (I–II),nv,nv,true
ISIC_0031479,mel,mel,1.0,true,true,94.9,light (I–II),mel,mel,true
ISIC_0031484,nv,nv,1.0,true,true,79.2,light (I–II),nv,nv,true
ISIC_0031485,bkl,bkl,0.8705,true,true,129.3,light (I–II),bkl,bkl,true
ISIC_0031493,nv,nv,1.0,true,true,44.1,light (I–II),nv,nv,true
ISIC_0031500,nv,nv,1.0,true,true,42.6,light (I–II),nv,nv,true
ISIC_0031504,nv,nv,1.0,true,true,62.3,light (I–II),nv,nv,true
ISIC_0031507,nv,nv,0.9999,true,true,27.0,medium (III–IV),nv,nv,true
ISIC_0031523,nv,nv,1.0,true,true,40.2,medium (III–IV),nv,nv,true
ISIC_0031524,nv,nv,0.9997,true,true,97.8,light (I–II),nv,nv,true
ISIC_0031529,mel,nv,0.9501,false,true,87.3,light (I–II),mel,nv,false
ISIC_0031537,bkl,bkl,0.9347,true,true,96.1,light (I–II),bkl,bkl,true
ISIC_0031538,nv,nv,1.0,true,true,66.4,light (I–II),nv,nv,true
ISIC_0031539,bcc,bcc,0.8895,true,true,49.0,light (I–II),bcc,bcc,true
ISIC_0031553,nv,nv,0.9999,true,true,63.8,light (I–II),nv,nv,true
ISIC_0031561,mel,mel,0.6325,true,true,63.8,light (I–II),mel,mel,true
ISIC_0031562,nv,nv,1.0,true,true,73.4,light (I–II),nv,nv,true
ISIC_0031569,bcc,bcc,0.9639,true,true,61.4,light (I–II),bcc,bcc,true
ISIC_0031571,nv,nv,1.0,true,true,16.1,dark (V–VI),nv,nv,true
ISIC_0031575,nv,nv,1.0,true,true,72.5,light (I–II),nv,nv,true
ISIC_0031587,nv,nv,0.9999,true,true,63.3,light (I–II),nv,nv,true
ISIC_0031595,nv,nv,0.9998,true,true,118.5,light (I–II),nv,nv,true
ISIC_0031600,bkl,bkl,0.9763,true,true,87.6,light (I–II),bkl,bkl,true
ISIC_0031607,nv,nv,1.0,true,true,43.2,light (I–II),nv,nv,true
ISIC_0031612,nv,nv,0.9991,true,true,56.3,light (I–II),nv,nv,true
ISIC_0031616,nv,nv,0.9999,true,true,40.4,medium (III–IV),nv,nv,true
ISIC_0031618,nv,nv,0.9999,true,true,139.0,light (I–II),nv,nv,true
ISIC_0031619,bkl,bkl,0.9953,true,true,49.1,light (I–II),bkl,bkl,true
ISIC_0031632,nv,nv,1.0,true,true,73.6,light (I–II),nv,nv,true
ISIC_0031639,bkl,bkl,0.9901,true,true,104.2,light (I–II),bkl,bkl,true
ISIC_0031645,nv,nv,0.9202,true,true,23.0,medium (III–IV),nv,nv,true
ISIC_0031646,nv,nv,0.9951,true,true,130.1,light (I–II),nv,nv,true
ISIC_0031648,vasc,vasc,0.9941,true,true,86.8,light (I–II),vasc,vasc,true
ISIC_0031651,bcc,akiec,0.8862,false,true,77.3,light (I–II),bcc,akiec,false
ISIC_0031653,nv,nv,1.0,true,true,60.8,light (I–II),nv,nv,true
ISIC_0031655,nv,nv,1.0,true,true,19.7,medium (III–IV),nv,nv,true
ISIC_0031662,nv,nv,0.9999,true,true,71.7,light (I–II),nv,nv,true
ISIC_0031665,nv,nv,1.0,true,true,82.2,light (I–II),nv,nv,true
ISIC_0031690,nv,nv,1.0,true,true,78.1,light (I–II),nv,nv,true
ISIC_0031693,nv,nv,0.9999,true,true,43.5,light (I–II),nv,nv,true
ISIC_0031696,nv,nv,0.9998,true,true,80.1,light (I–II),nv,nv,true
ISIC_0031713,nv,nv,0.9999,true,true,127.6,light (I–II),nv,nv,true
ISIC_0031724,nv,nv,0.9998,true,true,91.4,light (I–II),nv,nv,true
ISIC_0031726,nv,nv,0.9965,true,true,33.8,medium (III–IV),nv,nv,true
ISIC_0031729,nv,nv,1.0,true,true,78.1,light (I–II),nv,nv,true
ISIC_0031739,nv,nv,1.0,true,true,65.9,light (I–II),nv,nv,true
ISIC_0031740,nv,nv,0.9998,true,true,63.8,light (I–II),nv,nv,true
ISIC_0031774,nv,nv,1.0,true,true,56.6,light (I–II),nv,nv,true
ISIC_0031775,nv,nv,1.0,true,true,77.1,light (I–II),nv,nv,true
ISIC_0031777,nv,nv,1.0,true,true,42.2,light (I–II),nv,nv,true
ISIC_0031778,mel,mel,0.9883,true,true,90.1,light (I–II),mel,mel,true
ISIC_0031780,nv,nv,1.0,true,true,63.8,light (I–II),nv,nv,true
ISIC_0031783,bkl,bkl,0.9973,true,true,-15.6,dark (V–VI),bkl,bkl,true
ISIC_0031785,nv,nv,1.0,true,true,7.1,dark (V–VI),nv,nv,true
ISIC_0031793,nv,nv,1.0,true,true,63.2,light (I–II),nv,nv,true
ISIC_0031800,nv,nv,1.0,true,true,25.8,medium (III–IV),nv,nv,true
ISIC_0031814,nv,nv,0.7945,true,true,71.4,light (I–II),nv,nv,true
ISIC_0031824,bcc,bcc,0.9957,true,true,67.0,light (I–II),bcc,bcc,true
ISIC_0031825,bkl,bkl,0.998,true,true,119.8,light (I–II),bkl,bkl,true
ISIC_0031827,df,df,0.9818,true,true,103.1,light (I–II),df,df,true
ISIC_0031834,nv,nv,1.0,true,true,105.8,light (I–II),nv,nv,true
ISIC_0031843,nv,nv,1.0,true,true,55.8,light (I–II),nv,nv,true
ISIC_0031850,nv,nv,0.9999,true,true,22.5,medium (III–IV),nv,nv,true
ISIC_0031856,nv,nv,1.0,true,true,57.5,light (I–II),nv,nv,true
ISIC_0031866,nv,nv,0.9925,true,true,85.0,light (I–II),nv,nv,true
ISIC_0031868,nv,nv,1.0,true,true,76.2,light (I–II),nv,nv,true
ISIC_0031870,nv,nv,1.0,true,true,68.2,light (I–II),nv,nv,true
ISIC_0031874,akiec,akiec,0.9992,true,true,64.2,light (I–II),akiec,akiec,true
ISIC_0031878,nv,nv,1.0,true,true,36.5,medium (III–IV),nv,nv,true
ISIC_0031893,bkl,bkl,0.9998,true,true,124.9,light (I–II),bkl,bkl,true
ISIC_0031899,nv,nv,1.0,true,true,87.9,light (I–II),nv,nv,true
ISIC_0031904,nv,nv,0.9998,true,true,88.9,light (I–II),nv,nv,true
ISIC_0031909,nv,nv,0.9999,true,true,101.8,light (I–II),nv,nv,true
ISIC_0031919,nv,nv,0.9999,true,true,62.0,light (I–II),nv,nv,true
ISIC_0031920,nv,nv,1.0,true,true,64.8,light (I–II),nv,nv,true
ISIC_0031921,nv,nv,1.0,true,true,52.2,light (I–II),nv,nv,true
ISIC_0031925,bcc,bcc,0.9723,true,true,108.5,light (I–II),bcc,bcc,true
ISIC_0031926,nv,nv,1.0,true,true,82.4,light (I–II),nv,nv,true
ISIC_0031928,nv,nv,0.9999,true,true,55.9,light (I–II),nv,nv,true
ISIC_0031930,nv,nv,0.9607,true,true,100.6,light (I–II),nv,nv,true
ISIC_0031935,nv,nv,1.0,true,true,81.6,light (I–II),nv,nv,true
ISIC_0031940,akiec,mel,0.5379,false,true,66.3,light (I–II),akiec,mel,false
ISIC_0031946,nv,nv,1.0,true,true,54.7,light (I–II),nv,nv,true
ISIC_0031948,nv,nv,0.9895,true,true,59.6,light (I–II),nv,nv,true
ISIC_0031950,vasc,vasc,0.9322,true,true,98.1,light (I–II),vasc,vasc,true
ISIC_0031954,nv,nv,0.9985,true,true,45.8,light (I–II),nv,nv,true
ISIC_0031960,nv,nv,0.9998,true,true,105.2,light (I–II),nv,nv,true
ISIC_0031966,nv,nv,1.0,true,true,70.9,light (I–II),nv,nv,true
ISIC_0031968,nv,nv,1.0,true,true,24.5,medium (III–IV),nv,nv,true
ISIC_0031970,nv,nv,0.9997,true,true,67.0,light (I–II),nv,nv,true
ISIC_0031981,nv,nv,0.9932,true,true,82.5,light (I–II),nv,nv,true
ISIC_0031994,nv,nv,1.0,true,true,32.0,medium (III–IV),nv,nv,true
ISIC_0031997,nv,nv,0.9998,true,true,63.9,light (I–II),nv,nv,true
ISIC_0032013,bkl,bkl,0.9992,true,true,107.4,light (I–II),bkl,bkl,true
ISIC_0032016,nv,nv,1.0,true,true,66.9,light (I–II),nv,nv,true
ISIC_0032027,nv,nv,0.9994,true,true,128.0,light (I–II),nv,nv,true
ISIC_0032037,nv,nv,0.9999,true,true,55.2,light (I–II),nv,nv,true
ISIC_0032048,nv,nv,0.9981,true,true,65.4,light (I–II),nv,nv,true
ISIC_0032050,nv,nv,1.0,true,true,75.8,light (I–II),nv,nv,true
ISIC_0032051,bkl,bkl,0.9999,true,true,111.5,light (I–II),bkl,bkl,true
ISIC_0032072,mel,mel,0.9993,true,true,83.1,light (I–II),mel,mel,true
ISIC_0032080,nv,nv,0.9999,true,true,53.8,light (I–II),nv,nv,true
ISIC_0032092,bcc,bcc,0.9972,true,true,69.9,light (I–II),bcc,bcc,true
ISIC_0032096,nv,nv,0.9847,true,true,1.5,dark (V–VI),nv,nv,true
ISIC_0032098,mel,mel,0.9993,true,true,-94.6,dark (V–VI),mel,mel,true
ISIC_0032106,nv,nv,1.0,true,true,22.6,medium (III–IV),nv,nv,true
ISIC_0032109,nv,nv,0.9999,true,true,104.5,light (I–II),nv,nv,true
ISIC_0032113,bkl,bkl,0.4908,true,true,57.3,light (I–II),bkl,bkl,true
ISIC_0032120,nv,nv,1.0,true,true,27.2,medium (III–IV),nv,nv,true
ISIC_0032123,bkl,bkl,0.9863,true,true,83.3,light (I–II),bkl,bkl,true
ISIC_0032136,nv,mel,0.6535,false,true,30.8,medium (III–IV),nv,mel,false
ISIC_0032138,df,df,0.9929,true,true,85.7,light (I–II),df,df,true
ISIC_0032140,nv,nv,0.9994,true,true,88.9,light (I–II),nv,nv,true
ISIC_0032147,nv,nv,1.0,true,true,65.9,light (I–II),nv,nv,true
ISIC_0032152,mel,nv,0.7954,false,true,101.5,light (I–II),mel,nv,false
ISIC_0032156,bkl,bkl,0.9902,true,true,115.3,light (I–II),bkl,bkl,true
ISIC_0032160,nv,nv,1.0,true,true,52.3,light (I–II),nv,nv,true
ISIC_0032162,nv,nv,1.0,true,true,56.3,light (I–II),nv,nv,true
ISIC_0032170,bkl,bkl,0.947,true,true,111.5,light (I–II),bkl,bkl,true
ISIC_0032173,akiec,akiec,0.969,true,true,65.0,light (I–II),akiec,akiec,true
ISIC_0032174,bcc,bcc,1.0,true,true,77.4,light (I–II),bcc,bcc,true
ISIC_0032182,mel,mel,0.9708,true,true,23.9,medium (III–IV),mel,mel,true
ISIC_0032187,mel,mel,0.9988,true,true,60.1,light (I–II),mel,mel,true
ISIC_0032213,nv,nv,0.9999,true,true,68.8,light (I–II),nv,nv,true
ISIC_0032222,bcc,bcc,0.9065,true,true,111.4,light (I–II),bcc,bcc,true
ISIC_0032224,nv,nv,1.0,true,true,47.6,light (I–II),nv,nv,true
ISIC_0032229,nv,nv,0.9999,true,true,40.8,medium (III–IV),nv,nv,true
ISIC_0032249,bkl,bkl,0.9944,true,true,46.1,light (I–II),bkl,bkl,true
ISIC_0032251,nv,nv,0.9774,true,true,77.6,light (I–II),nv,nv,true
ISIC_0032253,nv,bcc,0.9895,false,false,85.9,light (I–II),nv,bcc,false
ISIC_0032255,nv,nv,1.0,true,true,64.6,light (I–II),nv,nv,true
ISIC_0032266,nv,nv,1.0,true,true,67.4,light (I–II),nv,nv,true
ISIC_0032268,nv,nv,0.9997,true,true,56.6,light (I–II),nv,nv,true
ISIC_0032277,akiec,mel,0.9713,false,true,74.6,light (I–II),akiec,mel,false
ISIC_0032300,nv,nv,0.9593,true,true,100.5,light (I–II),nv,nv,true
ISIC_0032304,bkl,bkl,0.9994,true,true,154.7,light (I–II),bkl,bkl,true
ISIC_0032305,nv,nv,0.9999,true,true,50.2,light (I–II),nv,nv,true
ISIC_0032307,bcc,akiec,0.7041,false,true,94.6,light (I–II),bcc,akiec,false
ISIC_0032314,bcc,bcc,0.9996,true,true,89.2,light (I–II),bcc,bcc,true
ISIC_0032320,nv,nv,1.0,true,true,75.3,light (I–II),nv,nv,true
ISIC_0032321,nv,nv,1.0,true,true,89.4,light (I–II),nv,nv,true
ISIC_0032329,akiec,akiec,0.9119,true,true,93.8,light (I–II),akiec,akiec,true
ISIC_0032335,bkl,bkl,0.9382,true,true,80.8,light (I–II),bkl,bkl,true
ISIC_0032339,nv,nv,1.0,true,true,67.9,light (I–II),nv,nv,true
ISIC_0032341,nv,nv,0.9946,true,true,77.0,light (I–II),nv,nv,true
ISIC_0032345,nv,nv,0.9992,true,true,112.1,light (I–II),nv,nv,true
ISIC_0032367,nv,nv,0.9999,true,true,25.3,medium (III–IV),nv,nv,true
ISIC_0032370,nv,nv,1.0,true,true,45.0,light (I–II),nv,nv,true
ISIC_0032373,bkl,bkl,0.9998,true,true,111.2,light (I–II),bkl,bkl,true
ISIC_0032374,nv,nv,0.9989,true,true,82.0,light (I–II),nv,nv,true
ISIC_0032381,nv,nv,0.9999,true,true,63.2,light (I–II),nv,nv,true
ISIC_0032397,akiec,akiec,0.6046,true,true,73.6,light (I–II),akiec,akiec,true
ISIC_0032401,nv,nv,1.0,true,true,54.2,light (I–II),nv,nv,true
ISIC_0032402,nv,nv,1.0,true,true,124.1,light (I–II),nv,nv,true
ISIC_0032410,df,df,0.521,true,true,-0.5,dark (V–VI),df,df,true
ISIC_0032420,mel,mel,0.9986,true,true,44.4,light (I–II),mel,mel,true
ISIC_0032437,akiec,akiec,0.9989,true,true,44.9,light (I–II),akiec,akiec,true
ISIC_0032438,nv,nv,1.0,true,true,79.0,light (I–II),nv,nv,true
ISIC_0032443,nv,nv,0.9999,true,true,135.5,light (I–II),nv,nv,true
ISIC_0032451,nv,nv,0.9999,true,true,70.0,light (I–II),nv,nv,true
ISIC_0032458,nv,nv,1.0,true,true,53.0,light (I–II),nv,nv,true
ISIC_0032459,nv,nv,0.9847,true,true,97.1,light (I–II),nv,nv,true
ISIC_0032471,nv,nv,0.9096,true,true,71.0,light (I–II),nv,nv,true
ISIC_0032482,bcc,bcc,0.9989,true,true,113.8,light (I–II),bcc,bcc,true
ISIC_0032485,nv,nv,1.0,true,true,56.5,light (I–II),nv,nv,true
ISIC_0032486,bkl,nv,0.5414,false,true,83.8,light (I–II),bkl,nv,false
ISIC_0032492,nv,nv,0.9997,true,true,90.7,light (I–II),nv,nv,true
ISIC_0032498,bkl,bkl,0.9148,true,true,48.3,light (I–II),bkl,bkl,true
ISIC_0032499,nv,nv,0.9999,true,true,79.3,light (I–II),nv,nv,true
ISIC_0032513,bkl,bkl,0.8984,true,true,40.7,medium (III–IV),bkl,bkl,true
ISIC_0032526,mel,mel,0.7108,true,true,93.7,light (I–II),mel,mel,true
ISIC_0032536,bcc,bcc,0.9915,true,true,86.8,light (I–II),bcc,bcc,true
ISIC_0032542,nv,nv,0.9521,true,true,97.1,light (I–II),nv,nv,true
ISIC_0032550,mel,mel,0.9999,true,true,122.7,light (I–II),mel,mel,true
ISIC_0032559,mel,mel,0.9973,true,true,106.5,light (I–II),mel,mel,true
ISIC_0032564,mel,mel,0.9947,true,true,108.6,light (I–II),mel,mel,true
ISIC_0032567,bkl,bkl,0.9872,true,true,112.1,light (I–II),bkl,bkl,true
ISIC_0032571,nv,nv,0.9999,true,true,104.4,light (I–II),nv,nv,true
ISIC_0032579,nv,nv,0.999,true,true,115.2,light (I–II),nv,nv,true
ISIC_0032583,mel,mel,0.9938,true,true,88.9,light (I–II),mel,mel,true
ISIC_0032589,nv,nv,0.9996,true,true,110.4,light (I–II),nv,nv,true
ISIC_0032591,nv,nv,0.9999,true,true,99.0,light (I–II),nv,nv,true
ISIC_0032593,nv,nv,0.997,true,true,120.7,light (I–II),nv,nv,true
ISIC_0032594,nv,nv,0.9999,true,true,127.8,light (I–II),nv,nv,true
ISIC_0032611,bcc,bcc,0.9945,true,true,104.1,light (I–II),bcc,bcc,true
ISIC_0032618,bkl,bkl,0.6683,true,true,81.2,light (I–II),bkl,bkl,true
ISIC_0032619,nv,nv,0.9979,true,true,63.3,light (I–II),nv,nv,true
ISIC_0032627,nv,nv,0.9972,true,true,135.6,light (I–II),nv,nv,true
ISIC_0032657,nv,nv,0.9995,true,true,127.7,light (I–II),nv,nv,true
ISIC_0032658,nv,nv,0.9974,true,true,97.9,light (I–II),nv,nv,true
ISIC_0032663,nv,nv,0.9955,true,true,98.4,light (I–II),nv,nv,true
ISIC_0032664,nv,nv,0.9998,true,true,106.5,light (I–II),nv,nv,true
ISIC_0032672,mel,mel,0.9998,true,true,104.2,light (I–II),mel,mel,true
ISIC_0032684,mel,mel,0.9996,true,true,89.5,light (I–II),mel,mel,true
ISIC_0032685,mel,mel,0.9992,true,true,99.4,light (I–II),mel,mel,true
ISIC_0032699,mel,mel,0.997,true,true,57.9,light (I–II),mel,mel,true
ISIC_0032710,nv,nv,0.9129,true,true,117.1,light (I–II),nv,nv,true
ISIC_0032712,nv,nv,0.9998,true,true,109.2,light (I–II),nv,nv,true
ISIC_0032716,mel,mel,0.9999,true,true,92.4,light (I–II),mel,mel,true
ISIC_0032717,nv,nv,1.0,true,true,108.7,light (I–II),nv,nv,true
ISIC_0032725,bkl,bkl,0.9845,true,true,79.0,light (I–II),bkl,bkl,true
ISIC_0032726,mel,bkl,0.999,false,true,-96.4,dark (V–VI),mel,bkl,false
ISIC_0032733,mel,mel,0.9074,true,true,129.4,light (I–II),mel,mel,true
ISIC_0032735,nv,nv,0.998,true,true,-90.0,dark (V–VI),nv,nv,true
ISIC_0032749,nv,nv,0.9912,true,true,90.7,light (I–II),nv,nv,true
ISIC_0032756,bkl,bkl,0.9914,true,true,172.3,light (I–II),bkl,bkl,true
ISIC_0032761,nv,nv,0.9999,true,true,106.2,light (I–II),nv,nv,true
ISIC_0032762,nv,nv,0.9988,true,true,114.7,light (I–II),nv,nv,true
ISIC_0032784,nv,nv,0.9986,true,true,117.7,light (I–II),nv,nv,true
ISIC_0032796,nv,nv,0.9995,true,true,117.1,light (I–II),nv,nv,true
ISIC_0032808,bcc,bcc,0.9996,true,true,32.9,medium (III–IV),bcc,bcc,true
ISIC_0032828,nv,nv,0.9999,true,true,99.3,light (I–II),nv,nv,true
ISIC_0032831,nv,nv,0.9997,true,true,49.6,light (I–II),nv,nv,true
ISIC_0032834,bcc,nv,0.9876,false,true,100.9,light (I–II),bcc,nv,false
ISIC_0032835,bkl,mel,0.6878,false,true,-29.4,dark (V–VI),bkl,mel,false
ISIC_0032842,bkl,bkl,0.9877,true,true,9.3,dark (V–VI),bkl,bkl,true
ISIC_0032850,bcc,bcc,0.9996,true,true,102.3,light (I–II),bcc,bcc,true
ISIC_0032864,nv,nv,0.9999,true,true,114.3,light (I–II),nv,nv,true
ISIC_0032865,nv,nv,1.0,true,true,108.6,light (I–II),nv,nv,true
ISIC_0032871,nv,nv,0.98,true,true,111.0,light (I–II),nv,nv,true
ISIC_0032881,nv,nv,0.9996,true,true,106.7,light (I–II),nv,nv,true
ISIC_0032894,bcc,bcc,0.994,true,true,107.6,light (I–II),bcc,bcc,true
ISIC_0032897,akiec,bkl,0.9999,false,true,80.2,light (I–II),akiec,bkl,false
ISIC_0032898,bkl,bkl,0.9981,true,true,118.8,light (I–II),bkl,bkl,true
ISIC_0032902,nv,nv,0.9999,true,true,105.9,light (I–II),nv,nv,true
ISIC_0032903,mel,mel,0.9997,true,true,110.1,light (I–II),mel,mel,true
ISIC_0032904,nv,nv,0.9999,true,true,87.1,light (I–II),nv,nv,true
ISIC_0032915,mel,mel,0.9932,true,true,113.3,light (I–II),mel,mel,true
ISIC_0032917,mel,mel,0.9999,true,true,87.4,light (I–II),mel,mel,true
ISIC_0032922,mel,mel,0.9997,true,true,77.6,light (I–II),mel,mel,true
ISIC_0032925,mel,mel,0.9998,true,true,84.7,light (I–II),mel,mel,true
ISIC_0032930,nv,nv,0.9997,true,true,101.9,light (I–II),nv,nv,true
ISIC_0032946,nv,nv,0.9999,true,true,113.8,light (I–II),nv,nv,true
ISIC_0032948,nv,nv,0.9998,true,true,100.0,light (I–II),nv,nv,true
ISIC_0032954,nv,nv,0.9938,true,true,167.3,light (I–II),nv,nv,true
ISIC_0032957,nv,nv,0.9995,true,true,100.3,light (I–II),nv,nv,true
ISIC_0032958,mel,mel,0.9997,true,true,83.0,light (I–II),mel,mel,true
ISIC_0032965,mel,mel,0.9987,true,true,102.7,light (I–II),mel,mel,true
ISIC_0032967,bkl,bkl,0.9994,true,true,118.2,light (I–II),bkl,bkl,true
ISIC_0032969,nv,nv,0.9998,true,true,52.2,light (I–II),nv,nv,true
ISIC_0032994,nv,nv,0.9932,true,true,99.9,light (I–II),nv,nv,true
ISIC_0032996,nv,nv,1.0,true,true,94.4,light (I–II),nv,nv,true
ISIC_0032997,bkl,bkl,0.9876,true,true,104.9,light (I–II),bkl,bkl,true
ISIC_0033010,nv,nv,0.9999,true,true,126.3,light (I–II),nv,nv,true
ISIC_0033012,bcc,bcc,0.9984,true,true,92.1,light (I–II),bcc,bcc,true
ISIC_0033024,mel,mel,0.9997,true,true,105.3,light (I–II),mel,mel,true
ISIC_0033025,nv,nv,0.9999,true,true,102.3,light (I–II),nv,nv,true
ISIC_0033030,nv,nv,0.9997,true,true,109.7,light (I–II),nv,nv,true
ISIC_0033039,nv,nv,1.0,true,true,98.9,light (I–II),nv,nv,true
ISIC_0033048,nv,nv,0.9999,true,true,134.3,light (I–II),nv,nv,true
ISIC_0033051,mel,mel,0.9638,true,true,10.3,dark (V–VI),mel,mel,true
ISIC_0033053,nv,nv,0.9997,true,true,108.9,light (I–II),nv,nv,true
ISIC_0033056,bkl,bkl,0.9995,true,true,91.0,light (I–II),bkl,bkl,true
ISIC_0033060,bkl,nv,0.9112,false,true,107.5,light (I–II),bkl,nv,false
ISIC_0033061,mel,mel,0.9845,true,true,74.7,light (I–II),mel,mel,true
ISIC_0033069,nv,nv,0.9996,true,true,112.6,light (I–II),nv,nv,true
ISIC_0033080,nv,nv,0.9997,true,true,115.8,light (I–II),nv,nv,true
ISIC_0033085,nv,nv,0.9889,true,true,118.5,light (I–II),nv,nv,true
ISIC_0033088,bkl,bkl,0.9953,true,true,107.9,light (I–II),bkl,bkl,true
ISIC_0033104,nv,nv,0.9999,true,true,121.9,light (I–II),nv,nv,true
ISIC_0033111,nv,nv,0.9989,true,true,134.4,light (I–II),nv,nv,true
ISIC_0033114,mel,mel,0.9954,true,true,102.4,light (I–II),mel,mel,true
ISIC_0033117,mel,mel,0.999,true,true,60.8,light (I–II),mel,mel,true
ISIC_0033123,vasc,vasc,0.987,true,true,85.9,light (I–II),vasc,vasc,true
ISIC_0033124,bkl,bkl,0.912,true,true,60.1,light (I–II),bkl,bkl,true
ISIC_0033136,nv,nv,0.9983,true,true,114.1,light (I–II),nv,nv,true
ISIC_0033145,nv,nv,0.9994,true,true,61.4,light (I–II),nv,nv,true
ISIC_0033147,nv,nv,0.9994,true,true,145.3,light (I–II),nv,nv,true
ISIC_0033153,nv,nv,0.9999,true,true,114.8,light (I–II),nv,nv,true
ISIC_0033160,nv,nv,0.7568,true,true,107.1,light (I–II),nv,nv,true
ISIC_0033161,nv,nv,0.9081,true,true,116.0,light (I–II),nv,nv,true
ISIC_0033163,nv,nv,0.9985,true,true,114.7,light (I–II),nv,nv,true
ISIC_0033164,nv,nv,0.9999,true,true,99.4,light (I–II),nv,nv,true
ISIC_0033166,mel,nv,0.8639,false,true,62.1,light (I–II),mel,nv,false
ISIC_0033171,mel,mel,0.9998,true,true,66.0,light (I–II),mel,mel,true
ISIC_0033183,mel,mel,0.9938,true,true,105.6,light (I–II),mel,mel,true
ISIC_0033189,nv,nv,0.9997,true,true,124.6,light (I–II),nv,nv,true
ISIC_0033194,nv,nv,0.9999,true,true,88.3,light (I–II),nv,nv,true
ISIC_0033209,mel,mel,0.9998,true,true,70.4,light (I–II),mel,mel,true
ISIC_0033215,nv,nv,0.9989,true,true,-90.0,dark (V–VI),nv,nv,true
ISIC_0033221,nv,nv,0.9997,true,true,134.5,light (I–II),nv,nv,true
ISIC_0033230,vasc,vasc,0.8787,true,true,90.4,light (I–II),vasc,vasc,true
ISIC_0033234,nv,nv,0.9999,true,true,113.8,light (I–II),nv,nv,true
ISIC_0033242,nv,nv,0.9896,true,true,72.0,light (I–II),nv,nv,true
ISIC_0033248,bcc,bcc,0.9998,true,true,95.4,light (I–II),bcc,bcc,true
ISIC_0033250,nv,nv,0.9675,true,true,99.6,light (I–II),nv,nv,true
ISIC_0033263,nv,nv,0.9993,true,true,82.6,light (I–II),nv,nv,true
ISIC_0033264,bkl,mel,0.9999,false,true,70.5,light (I–II),bkl,mel,false
ISIC_0033271,bcc,bcc,0.9794,true,true,103.0,light (I–II),bcc,bcc,true
ISIC_0033272,mel,mel,0.9593,true,true,100.6,light (I–II),mel,mel,true
ISIC_0033293,nv,nv,0.9999,true,true,87.3,light (I–II),nv,nv,true
ISIC_0033294,nv,nv,0.998,true,true,110.3,light (I–II),nv,nv,true
ISIC_0033312,mel,mel,0.9998,true,true,77.7,light (I–II),mel,mel,true
ISIC_0033315,nv,nv,0.9582,true,true,105.3,light (I–II),nv,nv,true
ISIC_0033317,mel,mel,0.9987,true,true,-72.5,dark (V–VI),mel,mel,true
ISIC_0033320,mel,nv,0.9963,false,true,93.1,light (I–II),mel,nv,false
ISIC_0033323,mel,mel,0.9996,true,true,96.8,light (I–II),mel,mel,true
ISIC_0033324,mel,mel,0.9997,true,true,-30.8,dark (V–VI),mel,mel,true
ISIC_0033327,nv,mel,0.5511,false,true,108.7,light (I–II),nv,mel,false
ISIC_0033331,nv,nv,0.9999,true,true,158.1,light (I–II),nv,nv,true
ISIC_0033334,nv,nv,0.9991,true,true,100.1,light (I–II),nv,nv,true
ISIC_0033338,nv,nv,0.9976,true,true,106.0,light (I–II),nv,nv,true
ISIC_0033340,nv,nv,0.9999,true,true,117.4,light (I–II),nv,nv,true
ISIC_0033343,nv,nv,0.9986,true,true,128.7,light (I–II),nv,nv,true
ISIC_0033348,nv,nv,1.0,true,true,110.8,light (I–II),nv,nv,true
ISIC_0033350,nv,nv,1.0,true,true,119.5,light (I–II),nv,nv,true
ISIC_0033371,nv,nv,0.9999,true,true,124.7,light (I–II),nv,nv,true
ISIC_0033373,nv,nv,0.9974,true,true,103.4,light (I–II),nv,nv,true
ISIC_0033375,nv,nv,1.0,true,true,119.6,light (I–II),nv,nv,true
ISIC_0033377,mel,mel,0.9989,true,true,113.2,light (I–II),mel,mel,true
ISIC_0033381,nv,nv,0.8141,true,true,110.1,light (I–II),nv,nv,true
ISIC_0033382,nv,nv,0.9991,true,true,-98.2,dark (V–VI),nv,nv,true
ISIC_0033385,nv,nv,0.6876,true,true,97.1,light (I–II),nv,nv,true
ISIC_0033389,nv,nv,0.9539,true,true,101.8,light (I–II),nv,nv,true
ISIC_0033407,nv,nv,0.9998,true,true,112.8,light (I–II),nv,nv,true
ISIC_0033410,bkl,bkl,0.9498,true,true,-73.4,dark (V–VI),bkl,bkl,true
ISIC_0033411,nv,nv,0.9994,true,true,103.6,light (I–II),nv,nv,true
ISIC_0033423,nv,nv,0.9905,true,true,104.3,light (I–II),nv,nv,true
ISIC_0033443,nv,nv,0.9999,true,true,98.0,light (I–II),nv,nv,true
ISIC_0033459,nv,nv,0.9684,true,true,110.1,light (I–II),nv,nv,true
ISIC_0033460,bkl,bkl,0.6127,true,true,119.1,light (I–II),bkl,bkl,true
ISIC_0033461,nv,nv,0.9997,true,true,139.5,light (I–II),nv,nv,true
ISIC_0033468,bcc,bcc,0.9909,true,true,87.4,light (I–II),bcc,bcc,true
ISIC_0033470,mel,mel,0.9998,true,true,115.4,light (I–II),mel,mel,true
ISIC_0033471,nv,nv,0.8746,true,true,85.2,light (I–II),nv,nv,true
ISIC_0033480,bkl,bkl,0.9931,true,true,83.4,light (I–II),bkl,bkl,true
ISIC_0033483,bcc,bcc,0.9896,true,true,75.7,light (I–II),bcc,bcc,true
ISIC_0033488,bkl,bkl,0.9991,true,true,105.0,light (I–II),bkl,bkl,true
ISIC_0033495,nv,nv,0.9917,true,true,133.0,light (I–II),nv,nv,true
ISIC_0033497,nv,nv,0.996,true,true,152.1,light (I–II),nv,nv,true
ISIC_0033499,bcc,bcc,0.9929,true,true,100.1,light (I–II),bcc,bcc,true
ISIC_0033502,nv,nv,0.9949,true,true,137.0,light (I–II),nv,nv,true
ISIC_0033505,bkl,bkl,0.9991,true,true,77.2,light (I–II),bkl,bkl,true
ISIC_0033506,nv,nv,0.9999,true,true,-162.4,dark (V–VI),nv,nv,true
ISIC_0033529,bkl,bkl,0.9975,true,true,123.8,light (I–II),bkl,bkl,true
ISIC_0033533,mel,mel,0.9999,true,true,118.0,light (I–II),mel,mel,true
ISIC_0033538,mel,mel,0.9997,true,true,73.0,light (I–II),mel,mel,true
ISIC_0033546,mel,mel,0.5903,true,true,137.3,light (I–II),mel,mel,true
ISIC_0033556,nv,nv,0.9999,true,true,95.6,light (I–II),nv,nv,true
ISIC_0033559,mel,mel,0.9892,true,true,-14.3,dark (V–VI),mel,mel,true
ISIC_0033560,mel,mel,0.9997,true,true,126.0,light (I–II),mel,mel,true
ISIC_0033564,nv,nv,0.9995,true,true,106.5,light (I–II),nv,nv,true
ISIC_0033565,vasc,vasc,0.9987,true,true,84.0,light (I–II),vasc,vasc,true
ISIC_0033575,bcc,bcc,0.9977,true,true,100.6,light (I–II),bcc,bcc,true
ISIC_0033578,mel,mel,0.9992,true,true,81.2,light (I–II),mel,mel,true
ISIC_0033589,nv,nv,0.9963,true,true,123.0,light (I–II),nv,nv,true
ISIC_0033600,nv,nv,0.9999,true,true,153.0,light (I–II),nv,nv,true
ISIC_0033604,nv,nv,0.9997,true,true,104.2,light (I–II),nv,nv,true
ISIC_0033625,nv,nv,0.9999,true,true,97.1,light (I–II),nv,nv,true
ISIC_0033647,nv,nv,1.0,true,true,102.4,light (I–II),nv,nv,true
ISIC_0033650,nv,nv,1.0,true,true,115.1,light (I–II),nv,nv,true
ISIC_0033652,nv,nv,1.0,true,true,101.0,light (I–II),nv,nv,true
ISIC_0033656,nv,nv,1.0,true,true,127.8,light (I–II),nv,nv,true
ISIC_0033687,mel,mel,0.9998,true,true,-30.0,dark (V–VI),mel,mel,true
ISIC_0033689,nv,nv,0.9999,true,true,117.2,light (I–II),nv,nv,true
ISIC_0033693,bkl,bkl,0.9962,true,true,69.7,light (I–II),bkl,bkl,true
ISIC_0033700,mel,mel,0.9991,true,true,109.5,light (I–II),mel,mel,true
ISIC_0033709,bkl,bkl,0.9919,true,true,108.7,light (I–II),bkl,bkl,true
ISIC_0033710,mel,mel,0.9999,true,true,80.0,light (I–II),mel,mel,true
ISIC_0033714,nv,nv,1.0,true,true,105.1,light (I–II),nv,nv,true
ISIC_0033720,bcc,bcc,0.727,true,true,99.2,light (I–II),bcc,bcc,true
ISIC_0033726,nv,nv,0.9997,true,true,106.6,light (I–II),nv,nv,true
ISIC_0033734,nv,nv,0.9999,true,true,114.8,light (I–II),nv,nv,true
ISIC_0033738,nv,nv,0.9054,true,true,-34.1,dark (V–VI),nv,nv,true
ISIC_0033742,nv,nv,0.9998,true,true,107.4,light (I–II),nv,nv,true
ISIC_0033755,nv,nv,0.9999,true,true,101.0,light (I–II),nv,nv,true
ISIC_0033758,bkl,bkl,0.997,true,true,109.3,light (I–II),bkl,bkl,true
ISIC_0033761,bkl,nv,0.9934,false,true,-40.8,dark (V–VI),bkl,nv,false
ISIC_0033762,vasc,vasc,0.9872,true,true,86.3,light (I–II),vasc,vasc,true
ISIC_0033763,nv,nv,0.9995,true,true,118.6,light (I–II),nv,nv,true
ISIC_0033767,nv,nv,0.9982,true,true,123.9,light (I–II),nv,nv,true
ISIC_0033768,nv,nv,0.9999,true,true,108.1,light (I–II),nv,nv,true
ISIC_0033769,nv,nv,1.0,true,true,111.0,light (I–II),nv,nv,true
ISIC_0033776,bkl,bkl,0.9985,true,true,91.5,light (I–II),bkl,bkl,true
ISIC_0033783,bkl,bkl,0.9984,true,true,86.7,light (I–II),bkl,bkl,true
ISIC_0033799,nv,nv,0.9945,true,true,82.9,light (I–II),nv,nv,true
ISIC_0033807,mel,mel,0.9999,true,true,110.2,light (I–II),mel,mel,true
ISIC_0033815,nv,nv,0.9994,true,true,67.1,light (I–II),nv,nv,true
ISIC_0033822,nv,nv,0.985,true,true,117.8,light (I–II),nv,nv,true
ISIC_0033823,nv,nv,1.0,true,true,108.5,light (I–II),nv,nv,true
ISIC_0033826,nv,nv,1.0,true,true,116.2,light (I–II),nv,nv,true
ISIC_0033827,nv,nv,0.9667,true,true,120.1,light (I–II),nv,nv,true
ISIC_0033829,bkl,bkl,0.8488,true,true,102.3,light (I–II),bkl,bkl,true
ISIC_0033840,nv,nv,0.9999,true,true,110.8,light (I–II),nv,nv,true
ISIC_0033841,nv,nv,0.9999,true,true,100.7,light (I–II),nv,nv,true
ISIC_0033846,nv,nv,0.9985,true,true,101.4,light (I–II),nv,nv,true
ISIC_0033869,akiec,bkl,0.9763,false,true,87.7,light (I–II),akiec,bkl,false
ISIC_0033870,nv,nv,1.0,true,true,105.7,light (I–II),nv,nv,true
ISIC_0033877,nv,nv,0.9999,true,true,115.4,light (I–II),nv,nv,true
ISIC_0033878,mel,bkl,0.6297,false,true,-166.5,dark (V–VI),mel,bkl,false
ISIC_0033887,nv,nv,0.6136,true,true,142.7,light (I–II),nv,nv,true
ISIC_0033888,nv,nv,0.8484,true,true,113.2,light (I–II),nv,nv,true
ISIC_0033892,nv,nv,0.9999,true,true,100.7,light (I–II),nv,nv,true
ISIC_0033894,nv,nv,0.997,true,true,73.0,light (I–II),nv,nv,true
ISIC_0033896,nv,nv,1.0,true,true,111.3,light (I–II),nv,nv,true
ISIC_0033901,mel,mel,0.9984,true,true,77.1,light (I–II),mel,mel,true
ISIC_0033909,nv,nv,1.0,true,true,89.4,light (I–II),nv,nv,true
ISIC_0033923,nv,nv,0.9999,true,true,130.1,light (I–II),nv,nv,true
ISIC_0033930,nv,nv,0.9989,true,true,107.2,light (I–II),nv,nv,true
ISIC_0033931,mel,mel,0.9999,true,true,58.6,light (I–II),mel,mel,true
ISIC_0033935,nv,nv,0.9999,true,true,102.9,light (I–II),nv,nv,true
ISIC_0033936,nv,mel,0.6673,false,true,97.8,light (I–II),nv,mel,false
ISIC_0033944,nv,nv,0.9999,true,true,-164.5,dark (V–VI),nv,nv,true
ISIC_0033952,bkl,bkl,0.9996,true,true,103.0,light (I–II),bkl,bkl,true
ISIC_0033955,nv,nv,0.8951,true,true,110.9,light (I–II),nv,nv,true
ISIC_0033956,mel,mel,0.9999,true,true,85.7,light (I–II),mel,mel,true
ISIC_0033967,mel,mel,0.8673,true,true,65.7,light (I–II),mel,mel,true
ISIC_0033973,bkl,bkl,0.9048,true,true,37.7,medium (III–IV),bkl,bkl,true
ISIC_0033976,nv,nv,0.9734,true,true,119.8,light (I–II),nv,nv,true
ISIC_0033997,nv,nv,0.9999,true,true,-160.6,dark (V–VI),nv,nv,true
ISIC_0034006,mel,mel,0.9992,true,true,98.5,light (I–II),mel,mel,true
ISIC_0034007,bkl,bkl,0.9998,true,true,132.9,light (I–II),bkl,bkl,true
ISIC_0034008,nv,nv,0.9997,true,true,102.6,light (I–II),nv,nv,true
ISIC_0034018,nv,nv,0.9999,true,true,83.5,light (I–II),nv,nv,true
ISIC_0034023,nv,nv,0.9996,true,true,-51.3,dark (V–VI),nv,nv,true
ISIC_0034030,nv,nv,0.9967,true,true,138.6,light (I–II),nv,nv,true
ISIC_0034031,bkl,bkl,0.9917,true,true,-120.2,dark (V–VI),bkl,bkl,true
ISIC_0034033,nv,nv,0.9995,true,true,103.5,light (I–II),nv,nv,true
ISIC_0034046,mel,mel,0.9999,true,true,111.2,light (I–II),mel,mel,true
ISIC_0034050,mel,mel,0.9998,true,true,103.2,light (I–II),mel,mel,true
ISIC_0034051,mel,mel,0.9927,true,true,107.3,light (I–II),mel,mel,true
ISIC_0034052,mel,mel,0.9998,true,true,87.5,light (I–II),mel,mel,true
ISIC_0034053,nv,nv,0.9998,true,true,168.1,light (I–II),nv,nv,true
ISIC_0034061,mel,mel,0.9999,true,true,-102.5,dark (V–VI),mel,mel,true
ISIC_0034070,bkl,bkl,0.7775,true,true,114.4,light (I–II),bkl,bkl,true
ISIC_0034074,mel,mel,0.9726,true,true,-57.4,dark (V–VI),mel,mel,true
ISIC_0034076,mel,mel,0.9999,true,true,98.0,light (I–II),mel,mel,true
ISIC_0034079,nv,nv,0.9998,true,true,161.7,light (I–II),nv,nv,true
ISIC_0034085,mel,mel,1.0,true,true,78.4,light (I–II),mel,mel,true
ISIC_0034091,nv,nv,0.5381,true,true,82.1,light (I–II),nv,nv,true
ISIC_0034094,mel,mel,0.9999,true,true,100.6,light (I–II),mel,mel,true
ISIC_0034096,nv,nv,0.9998,true,true,104.7,light (I–II),nv,nv,true
ISIC_0034100,mel,mel,0.9998,true,true,89.8,light (I–II),mel,mel,true
ISIC_0034110,nv,nv,0.6798,true,true,104.3,light (I–II),nv,nv,true
ISIC_0034121,nv,nv,0.9994,true,true,86.4,light (I–II),nv,nv,true
ISIC_0034125,bkl,bkl,0.9942,true,true,129.6,light (I–II),bkl,bkl,true
ISIC_0034127,nv,nv,0.9989,true,true,103.7,light (I–II),nv,nv,true
ISIC_0034129,nv,nv,0.9993,true,true,104.1,light (I–II),nv,nv,true
ISIC_0034134,mel,mel,0.9992,true,true,112.1,light (I–II),mel,mel,true
ISIC_0034159,mel,mel,1.0,true,true,86.2,light (I–II),mel,mel,true
ISIC_0034162,mel,mel,0.9983,true,true,87.8,light (I–II),mel,mel,true
ISIC_0034192,nv,nv,0.9999,true,true,108.5,light (I–II),nv,nv,true
ISIC_0034194,nv,nv,0.9969,true,true,77.4,light (I–II),nv,nv,true
ISIC_0034195,nv,nv,0.9999,true,true,101.6,light (I–II),nv,nv,true
ISIC_0034214,vasc,vasc,0.9802,true,true,89.8,light (I–II),vasc,vasc,true
ISIC_0034224,nv,nv,0.9971,true,true,-118.0,dark (V–VI),nv,nv,true
ISIC_0034231,nv,nv,0.9703,true,true,106.0,light (I–II),nv,nv,true
ISIC_0034232,nv,nv,0.9963,true,true,96.4,light (I–II),nv,nv,true
ISIC_0034235,bkl,bkl,0.9038,true,true,115.1,light (I–II),bkl,bkl,true
ISIC_0034239,mel,mel,0.9981,true,true,103.9,light (I–II),mel,mel,true
ISIC_0034242,mel,mel,0.9355,true,true,66.6,light (I–II),mel,mel,true
ISIC_0034243,mel,mel,0.9991,true,true,109.1,light (I–II),mel,mel,true
ISIC_0034252,bkl,nv,0.6208,false,true,95.0,light (I–II),bkl,nv,false
ISIC_0034255,bcc,nv,0.7909,false,true,99.7,light (I–II),bcc,nv,false
ISIC_0034258,nv,nv,0.9997,true,true,83.1,light (I–II),nv,nv,true
ISIC_0034264,nv,nv,0.9998,true,true,-120.3,dark (V–VI),nv,nv,true
ISIC_0034269,mel,mel,1.0,true,true,81.7,light (I–II),mel,mel,true
ISIC_0034286,nv,nv,0.9978,true,true,-91.6,dark (V–VI),nv,nv,true
ISIC_0034287,mel,mel,0.9998,true,true,106.0,light (I–II),mel,mel,true
ISIC_0034293,nv,nv,0.9999,true,true,124.8,light (I–II),nv,nv,true
ISIC_0034299,bcc,bcc,0.999,true,true,-17.0,dark (V–VI),bcc,bcc,true
ISIC_0034302,nv,nv,0.9999,true,true,91.6,light (I–II),nv,nv,true
ISIC_0034303,bkl,bkl,0.9614,true,true,51.8,light (I–II),bkl,bkl,true
ISIC_0034308,nv,nv,0.9995,true,true,99.6,light (I–II),nv,nv,true
ISIC_0034315,bkl,bkl,0.9997,true,true,126.2,light (I–II),bkl,bkl,true
ISIC_0034316,mel,mel,0.9999,true,true,63.5,light (I–II),mel,mel,true
