id,top1_accuracy.true,top1_accuracy.pred,top1_accuracy.confidence,top1_accuracy.correct,top1_accuracy.in_top3,calibration.confidence,calibration.brier,skin_tone_ita.ita,skin_tone_ita.bin,skin_tone_ita.true,skin_tone_ita.pred,skin_tone_ita.correct
Aal002,mel,nv,0.7593,false,true,0.7593,1.3556,75.6,light (I–II),mel,nv,false
Aal002bis,mel,mel,0.9998,true,true,0.9998,0.0,71.1,light (I–II),mel,mel,true
Aal004,nv,nv,0.9999,true,true,0.9999,0.0,85.1,light (I–II),nv,nv,true
Aal006,nv,nv,0.9999,true,true,0.9999,0.0,77.5,light (I–II),nv,nv,true
Aal008,nv,nv,0.9999,true,true,0.9999,0.0,84.6,light (I–II),nv,nv,true
Aal010,nv,nv,0.999,true,true,0.999,0.0,89.0,light (I–II),nv,nv,true
Aal012,nv,nv,1.0,true,true,1.0,0.0,85.1,light (I–II),nv,nv,true
Aal014,df,df,0.5517,true,true,0.5517,0.3953,86.4,light (I–II),df,df,true
Aal018,df,df,0.9832,true,true,0.9832,0.0005,87.5,light (I–II),df,df,true
Aal020,df,bcc,0.9712,false,true,0.9712,1.9141,44.5,light (I–II),df,bcc,false
Aal024,df,df,0.9923,true,true,0.9923,0.0001,56.5,light (I–II),df,df,true
Aal028,df,df,0.6468,true,true,0.6468,0.2374,83.4,light (I–II),df,df,true
Aal030,df,df,0.9987,true,true,0.9987,0.0,86.5,light (I–II),df,df,true
Aal038,df,df,0.9916,true,true,0.9916,0.0001,84.7,light (I–II),df,df,true
Aal044,nv,nv,0.9952,true,true,0.9952,0.0,81.8,light (I–II),nv,nv,true
Aal046,nv,nv,0.9998,true,true,0.9998,0.0,82.8,light (I–II),nv,nv,true
Aal048,nv,nv,0.9877,true,true,0.9877,0.0002,78.4,light (I–II),nv,nv,true
Aal052,nv,nv,0.994,true,true,0.994,0.0001,90.3,light (I–II),nv,nv,true
Aal056,nv,nv,0.9995,true,true,0.9995,0.0,86.3,light (I–II),nv,nv,true
Aal062,nv,nv,0.9998,true,true,0.9998,0.0,92.0,light (I–II),nv,nv,true
Aal064,nv,nv,0.9999,true,true,0.9999,0.0,92.0,light (I–II),nv,nv,true
Aal066,nv,nv,0.9865,true,true,0.9865,0.0003,78.8,light (I–II),nv,nv,true
Aal068,nv,vasc,0.501,false,true,0.501,0.5077,87.2,light (I–II),nv,vasc,false
Aal078,nv,nv,0.9998,true,true,0.9998,0.0,86.4,light (I–II),nv,nv,true
Aal086,nv,nv,0.9998,true,true,0.9998,0.0,90.3,light (I–II),nv,nv,true
Aal088,nv,nv,0.99,true,true,0.99,0.0001,86.4,light (I–II),nv,nv,true
Aal090,nv,nv,0.9995,true,true,0.9995,0.0,86.5,light (I–II),nv,nv,true
Aal094,nv,nv,0.9965,true,true,0.9965,0.0,84.6,light (I–II),nv,nv,true
Aal096,nv,nv,0.9977,true,true,0.9977,0.0,88.6,light (I–II),nv,nv,true
Aal099bis,nv,nv,0.9999,true,true,0.9999,0.0,87.2,light (I–II),nv,nv,true
Abl101,nv,nv,0.9995,true,true,0.9995,0.0,92.5,light (I–II),nv,nv,true
Abl108,nv,nv,0.9942,true,true,0.9942,0.0,78.4,light (I–II),nv,nv,true
Abl112,nv,nv,0.9999,true,true,0.9999,0.0,88.8,light (I–II),nv,nv,true
Abl116,nv,nv,0.9989,true,true,0.9989,0.0,87.0,light (I–II),nv,nv,true
Abl118,nv,nv,0.9996,true,true,0.9996,0.0,-90.0,dark (V–VI),nv,nv,true
Abl121,nv,nv,0.9996,true,true,0.9996,0.0,91.3,light (I–II),nv,nv,true
Abl123,nv,nv,0.9994,true,true,0.9994,0.0,88.7,light (I–II),nv,nv,true
Abl127,nv,nv,0.9999,true,true,0.9999,0.0,80.3,light (I–II),nv,nv,true
Abl129,nv,nv,0.9994,true,true,0.9994,0.0,84.8,light (I–II),nv,nv,true
Abl135,nv,nv,0.9998,true,true,0.9998,0.0,75.4,light (I–II),nv,nv,true
Abl137,nv,nv,0.9999,true,true,0.9999,0.0,72.9,light (I–II),nv,nv,true
Abl139,nv,nv,0.9998,true,true,0.9998,0.0,81.3,light (I–II),nv,nv,true
Abl141,nv,nv,0.9992,true,true,0.9992,0.0,81.4,light (I–II),nv,nv,true
Abl143,nv,nv,0.9999,true,true,0.9999,0.0,62.3,light (I–II),nv,nv,true
Abl145,nv,nv,0.9997,true,true,0.9997,0.0,76.8,light (I–II),nv,nv,true
Abl147,nv,nv,0.9999,true,true,0.9999,0.0,75.8,light (I–II),nv,nv,true
Abl151,nv,nv,0.9996,true,true,0.9996,0.0,86.4,light (I–II),nv,nv,true
Abl153,nv,nv,1.0,true,true,1.0,0.0,79.0,light (I–II),nv,nv,true
Abl155,nv,nv,0.9997,true,true,0.9997,0.0,86.0,light (I–II),nv,nv,true
Abl157,nv,nv,0.9986,true,true,0.9986,0.0,80.1,light (I–II),nv,nv,true
Abl161,nv,nv,0.9999,true,true,0.9999,0.0,84.8,light (I–II),nv,nv,true
Abl163,nv,nv,0.9999,true,true,0.9999,0.0,76.3,light (I–II),nv,nv,true
Abl165,nv,nv,1.0,true,true,1.0,0.0,73.7,light (I–II),nv,nv,true
Abl167,nv,nv,0.9999,true,true,0.9999,0.0,84.8,light (I–II),nv,nv,true
Abl168,nv,nv,0.9984,true,true,0.9984,0.0,86.7,light (I–II),nv,nv,true
Abl171,nv,nv,1.0,true,true,1.0,0.0,74.8,light (I–II),nv,nv,true
Abl175,nv,nv,0.9913,true,true,0.9913,0.0001,92.7,light (I–II),nv,nv,true
Abl177,nv,nv,0.9998,true,true,0.9998,0.0,90.0,light (I–II),nv,nv,true
Abl179,nv,nv,0.9996,true,true,0.9996,0.0,83.0,light (I–II),nv,nv,true
Abl183,nv,nv,0.9999,true,true,0.9999,0.0,78.1,light (I–II),nv,nv,true
Abl185,nv,nv,0.9945,true,true,0.9945,0.0001,83.8,light (I–II),nv,nv,true
Abl189,nv,nv,0.9993,true,true,0.9993,0.0,81.9,light (I–II),nv,nv,true
Abl191,nv,nv,0.9999,true,true,0.9999,0.0,73.7,light (I–II),nv,nv,true
Abl193,nv,nv,0.9997,true,true,0.9997,0.0,82.4,light (I–II),nv,nv,true
Abl195,nv,nv,0.9972,true,true,0.9972,0.0,81.4,light (I–II),nv,nv,true
Abl197,df,nv,0.496,false,true,0.496,0.514,78.9,light (I–II),df,nv,false
Acl201,nv,nv,0.9977,true,true,0.9977,0.0,79.3,light (I–II),nv,nv,true
Acl203,nv,nv,0.6588,true,true,0.6588,0.1679,43.9,light (I–II),nv,nv,true
Acl205,bkl,bkl,0.9648,true,true,0.9648,0.002,56.7,light (I–II),bkl,bkl,true
Acl207,nv,nv,0.9791,true,true,0.9791,0.0006,90.0,light (I–II),nv,nv,true
Acl209,df,df,0.535,true,true,0.535,0.4265,64.0,light (I–II),df,df,true
Acl211,df,df,0.7596,true,true,0.7596,0.115,78.9,light (I–II),df,df,true
Acl215,nv,nv,0.9995,true,true,0.9995,0.0,80.5,light (I–II),nv,nv,true
Acl217,nv,nv,0.9999,true,true,0.9999,0.0,81.0,light (I–II),nv,nv,true
Acl219,nv,nv,0.9999,true,true,0.9999,0.0,87.4,light (I–II),nv,nv,true
Acl221,nv,nv,0.9842,true,true,0.9842,0.0004,70.9,light (I–II),nv,nv,true
Acl223,nv,nv,1.0,true,true,1.0,0.0,86.4,light (I–II),nv,nv,true
Acl225,nv,nv,0.9999,true,true,0.9999,0.0,86.9,light (I–II),nv,nv,true
Acl227,bkl,mel,0.9137,false,true,0.9137,1.7435,62.4,light (I–II),bkl,mel,false
Acl229,bkl,bkl,0.6681,true,true,0.6681,0.2134,74.5,light (I–II),bkl,bkl,true
Acl231,df,nv,0.7985,false,true,0.7985,1.2798,66.1,light (I–II),df,nv,false
Acl233,df,df,0.9962,true,true,0.9962,0.0,76.7,light (I–II),df,df,true
Acl235,nv,nv,0.9999,true,true,0.9999,0.0,80.7,light (I–II),nv,nv,true
Acl237,vasc,vasc,0.5361,true,true,0.5361,0.3209,81.7,light (I–II),vasc,vasc,true
Acl239,nv,nv,0.9886,true,true,0.9886,0.0003,72.0,light (I–II),nv,nv,true
Acl241,nv,nv,0.9999,true,true,0.9999,0.0,81.9,light (I–II),nv,nv,true
Acl243,nv,nv,0.9974,true,true,0.9974,0.0,85.2,light (I–II),nv,nv,true
Acl245,nv,nv,0.9996,true,true,0.9996,0.0,82.5,light (I–II),nv,nv,true
Acl247,nv,nv,0.9993,true,true,0.9993,0.0,88.7,light (I–II),nv,nv,true
Acl249,nv,nv,0.9882,true,true,0.9882,0.0002,83.1,light (I–II),nv,nv,true
Acl251,nv,nv,0.9976,true,true,0.9976,0.0,87.5,light (I–II),nv,nv,true
Acl253,nv,nv,0.9965,true,true,0.9965,0.0,83.7,light (I–II),nv,nv,true
Acl259,nv,nv,1.0,true,true,1.0,0.0,79.8,light (I–II),nv,nv,true
Acl261,bkl,nv,0.9999,false,false,0.9999,1.9997,72.9,light (I–II),bkl,nv,false
Acl263,nv,nv,0.9991,true,true,0.9991,0.0,61.4,light (I–II),nv,nv,true
Acl264,nv,nv,0.9985,true,true,0.9985,0.0,86.4,light (I–II),nv,nv,true
Acl271,nv,nv,0.9999,true,true,0.9999,0.0,81.4,light (I–II),nv,nv,true
Acl279,nv,nv,0.9998,true,true,0.9998,0.0,67.0,light (I–II),nv,nv,true
Acl281,nv,nv,0.9999,true,true,0.9999,0.0,76.8,light (I–II),nv,nv,true
Acl283,nv,nv,0.9994,true,true,0.9994,0.0,84.1,light (I–II),nv,nv,true
Acl285,nv,nv,0.9997,true,true,0.9997,0.0,74.0,light (I–II),nv,nv,true
Acl287,nv,nv,0.9999,true,true,0.9999,0.0,79.4,light (I–II),nv,nv,true
Acl295,nv,nv,0.9968,true,true,0.9968,0.0,78.7,light (I–II),nv,nv,true
Acl299,nv,nv,0.9996,true,true,0.9996,0.0,81.7,light (I–II),nv,nv,true
Adl301,mel,nv,0.9999,false,true,0.9999,1.9997,57.7,light (I–II),mel,nv,false
Adl305,mel,nv,0.9995,false,true,0.9995,1.9986,61.8,light (I–II),mel,nv,false
Adl311,nv,nv,0.9999,true,true,0.9999,0.0,92.4,light (I–II),nv,nv,true
Adl313,mel,nv,0.94,false,false,0.94,1.8689,80.9,light (I–II),mel,nv,false
Adl319,nv,nv,0.9999,true,true,0.9999,0.0,87.0,light (I–II),nv,nv,true
Adl321,nv,nv,1.0,true,true,1.0,0.0,87.2,light (I–II),nv,nv,true
Adl325,nv,nv,0.9983,true,true,0.9983,0.0,82.0,light (I–II),nv,nv,true
Adl329,nv,nv,1.0,true,true,1.0,0.0,82.6,light (I–II),nv,nv,true
Adl331,nv,nv,0.998,true,true,0.998,0.0,85.8,light (I–II),nv,nv,true
Adl333,nv,nv,0.9987,true,true,0.9987,0.0,90.0,light (I–II),nv,nv,true
Adl335,nv,nv,0.9965,true,true,0.9965,0.0,88.2,light (I–II),nv,nv,true
Adl337bis,nv,nv,0.924,true,true,0.924,0.0109,79.1,light (I–II),nv,nv,true
Adl340,nv,nv,0.9999,true,true,0.9999,0.0,88.3,light (I–II),nv,nv,true
Adl344,nv,nv,0.9945,true,true,0.9945,0.0001,87.2,light (I–II),nv,nv,true
Adl346,nv,nv,0.9997,true,true,0.9997,0.0,68.3,light (I–II),nv,nv,true
Adl348,nv,nv,0.9999,true,true,0.9999,0.0,65.6,light (I–II),nv,nv,true
Adl350,nv,nv,0.6393,true,true,0.6393,0.2532,80.0,light (I–II),nv,nv,true
Adl356,nv,nv,0.9995,true,true,0.9995,0.0,83.3,light (I–II),nv,nv,true
Adl358,nv,nv,0.9998,true,true,0.9998,0.0,70.8,light (I–II),nv,nv,true
Adl362,nv,nv,1.0,true,true,1.0,0.0,70.2,light (I–II),nv,nv,true
Adl366,nv,nv,0.9999,true,true,0.9999,0.0,88.7,light (I–II),nv,nv,true
Adl371,nv,nv,1.0,true,true,1.0,0.0,88.6,light (I–II),nv,nv,true
Adl373,df,nv,0.4229,false,false,0.4229,1.154,73.1,light (I–II),df,nv,false
Adl375,nv,nv,0.9999,true,true,0.9999,0.0,90.0,light (I–II),nv,nv,true
Adl377,nv,nv,0.9908,true,true,0.9908,0.0001,80.0,light (I–II),nv,nv,true
Adl379,bcc,akiec,0.6655,false,true,0.6655,1.2846,83.4,light (I–II),bcc,akiec,false
Adl381,nv,nv,1.0,true,true,1.0,0.0,81.7,light (I–II),nv,nv,true
Adl383,bkl,nv,0.9987,false,true,0.9987,1.9966,86.6,light (I–II),bkl,nv,false
Adl385,bkl,bkl,0.9941,true,true,0.9941,0.0001,76.2,light (I–II),bkl,bkl,true
Adl387,nv,nv,0.9998,true,true,0.9998,0.0,85.1,light (I–II),nv,nv,true
Adl387bis,bkl,nv,0.9998,false,true,0.9998,1.9995,79.9,light (I–II),bkl,nv,false
Adl389,mel,nv,0.5143,false,false,0.5143,1.4552,72.3,light (I–II),mel,nv,false
Adl391,nv,nv,0.9999,true,true,0.9999,0.0,71.1,light (I–II),nv,nv,true
Adl395,nv,nv,0.9917,true,true,0.9917,0.0001,77.5,light (I–II),nv,nv,true
Adl399,nv,nv,0.9992,true,true,0.9992,0.0,79.4,light (I–II),nv,nv,true
Ael401,nv,nv,0.9996,true,true,0.9996,0.0,83.7,light (I–II),nv,nv,true
Ael405,nv,nv,0.9982,true,true,0.9982,0.0,78.0,light (I–II),nv,nv,true
Ael407,nv,nv,0.9997,true,true,0.9997,0.0,82.4,light (I–II),nv,nv,true
Ael409,bkl,bkl,0.6417,true,true,0.6417,0.2468,46.9,light (I–II),bkl,bkl,true
Ael413,nv,nv,0.9999,true,true,0.9999,0.0,76.1,light (I–II),nv,nv,true
Ael415,bkl,nv,0.9998,false,true,0.9998,1.9992,81.2,light (I–II),bkl,nv,false
Ael419,nv,nv,1.0,true,true,1.0,0.0,85.4,light (I–II),nv,nv,true
Ael421,nv,nv,0.9992,true,true,0.9992,0.0,60.1,light (I–II),nv,nv,true
Ael425,nv,nv,0.9998,true,true,0.9998,0.0,87.9,light (I–II),nv,nv,true
Ael427,bkl,bcc,0.9728,false,true,0.9728,1.9018,83.0,light (I–II),bkl,bcc,false
Ael431,nv,nv,0.9971,true,true,0.9971,0.0,87.2,light (I–II),nv,nv,true
Ael433,nv,nv,0.9999,true,true,0.9999,0.0,80.7,light (I–II),nv,nv,true
Ael435,nv,nv,1.0,true,true,1.0,0.0,71.2,light (I–II),nv,nv,true
Ael442,nv,nv,0.9984,true,true,0.9984,0.0,82.0,light (I–II),nv,nv,true
Ael444,nv,nv,0.9997,true,true,0.9997,0.0,81.2,light (I–II),nv,nv,true
Ael446,nv,nv,0.9662,true,true,0.9662,0.0019,81.3,light (I–II),nv,nv,true
Ael448,nv,nv,0.9999,true,true,0.9999,0.0,73.4,light (I–II),nv,nv,true
Ael452,nv,nv,1.0,true,true,1.0,0.0,76.0,light (I–II),nv,nv,true
Ael455,bcc,bcc,0.8445,true,true,0.8445,0.0361,59.7,light (I–II),bcc,bcc,true
Ael459,vasc,nv,0.7713,false,true,0.7713,1.4083,91.3,light (I–II),vasc,nv,false
Ael465,nv,nv,0.985,true,true,0.985,0.0004,88.5,light (I–II),nv,nv,true
Ael467,nv,nv,0.9998,true,true,0.9998,0.0,87.2,light (I–II),nv,nv,true
Ael469,bcc,bcc,0.9783,true,true,0.9783,0.0008,45.0,light (I–II),bcc,bcc,true
Ael471,nv,nv,1.0,true,true,1.0,0.0,80.2,light (I–II),nv,nv,true
Ael475,nv,nv,0.9999,true,true,0.9999,0.0,86.8,light (I–II),nv,nv,true
Ael477,nv,nv,0.9997,true,true,0.9997,0.0,81.9,light (I–II),nv,nv,true
Ael481,nv,nv,0.9995,true,true,0.9995,0.0,87.0,light (I–II),nv,nv,true
Ael484,nv,nv,0.9927,true,true,0.9927,0.0001,86.3,light (I–II),nv,nv,true
Ael488,bkl,bkl,0.749,true,true,0.749,0.1049,77.5,light (I–II),bkl,bkl,true
Ael490,mel,mel,0.8407,true,true,0.8407,0.0476,71.9,light (I–II),mel,mel,true
Ael492,mel,nv,0.9507,false,true,0.9507,1.8083,73.3,light (I–II),mel,nv,false
Ael494,mel,mel,0.9998,true,true,0.9998,0.0,60.3,light (I–II),mel,mel,true
Ael496,mel,nv,0.9999,false,true,0.9999,1.9997,75.7,light (I–II),mel,nv,false
Ael498,mel,nv,0.8944,false,true,0.8944,1.7354,84.2,light (I–II),mel,nv,false
Ael502,bcc,nv,0.9236,false,true,0.9236,1.787,79.0,light (I–II),bcc,nv,false
Ael504,mel,nv,0.6336,false,true,0.6336,0.81,80.4,light (I–II),mel,nv,false
Ael505,bcc,df,0.7794,false,false,0.7794,1.5949,84.7,light (I–II),bcc,df,false
Ael508,nv,nv,0.99,true,true,0.99,0.0001,86.8,light (I–II),nv,nv,true
Ael510,nv,nv,0.9997,true,true,0.9997,0.0,84.7,light (I–II),nv,nv,true
Ael512,nv,nv,0.998,true,true,0.998,0.0,88.5,light (I–II),nv,nv,true
Ael514,mel,nv,0.5022,false,false,0.5022,1.1387,33.8,medium (III–IV),mel,nv,false
Ael517,nv,nv,0.9919,true,true,0.9919,0.0001,86.4,light (I–II),nv,nv,true
Ael519bis,vasc,nv,0.6505,false,true,0.6505,1.0801,89.0,light (I–II),vasc,nv,false
Ael521,nv,nv,0.6952,true,true,0.6952,0.132,84.2,light (I–II),nv,nv,true
Ael523,nv,nv,0.9996,true,true,0.9996,0.0,91.0,light (I–II),nv,nv,true
Ael525,nv,nv,0.9999,true,true,0.9999,0.0,83.8,light (I–II),nv,nv,true
Ael527,df,df,0.9291,true,true,0.9291,0.0096,69.5,light (I–II),df,df,true
FAL006,mel,mel,0.712,true,true,0.712,0.121,39.7,medium (III–IV),mel,mel,true
FAL022,nv,nv,0.9999,true,true,0.9999,0.0,50.8,light (I–II),nv,nv,true
FAL036,nv,nv,1.0,true,true,1.0,0.0,38.9,medium (III–IV),nv,nv,true
FAL038,nv,nv,0.9999,true,true,0.9999,0.0,61.4,light (I–II),nv,nv,true
FAL042,nv,nv,0.9999,true,true,0.9999,0.0,49.0,light (I–II),nv,nv,true
FAL044,nv,nv,0.9999,true,true,0.9999,0.0,36.3,medium (III–IV),nv,nv,true
FAL054,nv,nv,0.9999,true,true,0.9999,0.0,54.8,light (I–II),nv,nv,true
FAL066,mel,mel,0.6813,true,true,0.6813,0.165,67.4,light (I–II),mel,mel,true
FAL070,nv,nv,0.9999,true,true,0.9999,0.0,62.6,light (I–II),nv,nv,true
FAL094,mel,mel,0.9085,true,true,0.9085,0.0164,22.0,medium (III–IV),mel,mel,true
FBL012,nv,nv,0.7148,true,true,0.7148,0.1623,72.7,light (I–II),nv,nv,true
FBL020,mel,mel,0.995,true,true,0.995,0.0,92.2,light (I–II),mel,mel,true
FBL026,mel,nv,0.9999,false,true,0.9999,1.9995,80.7,light (I–II),mel,nv,false
FBL032,nv,nv,0.9997,true,true,0.9997,0.0,84.1,light (I–II),nv,nv,true
FBL042,nv,nv,0.9688,true,true,0.9688,0.0019,77.5,light (I–II),nv,nv,true
FBL046,mel,nv,0.9998,false,true,0.9998,1.9994,90.3,light (I–II),mel,nv,false
FBL058,mel,nv,1.0,false,false,1.0,1.9999,29.1,medium (III–IV),mel,nv,false
FBL062,nv,nv,0.9999,true,true,0.9999,0.0,41.3,light (I–II),nv,nv,true
FCL018,nv,nv,1.0,true,true,1.0,0.0,42.8,light (I–II),nv,nv,true
FCL052,nv,nv,1.0,true,true,1.0,0.0,80.0,light (I–II),nv,nv,true
FCL054,mel,nv,0.7994,false,true,0.7994,1.2796,83.4,light (I–II),mel,nv,false
FCL056,mel,mel,0.9895,true,true,0.9895,0.0002,48.7,light (I–II),mel,mel,true
FCL058,mel,nv,0.996,false,true,0.996,1.9843,44.9,light (I–II),mel,nv,false
FCL066,nv,nv,0.9999,true,true,0.9999,0.0,57.2,light (I–II),nv,nv,true
FCL074,mel,nv,1.0,false,true,1.0,1.9999,80.9,light (I–II),mel,nv,false
FCL084,mel,nv,0.9613,false,true,0.9613,1.8568,55.8,light (I–II),mel,nv,false
FDL016,nv,nv,0.9988,true,true,0.9988,0.0,72.0,light (I–II),nv,nv,true
FDL022,nv,nv,0.9998,true,true,0.9998,0.0,62.9,light (I–II),nv,nv,true
FDL026,nv,nv,0.9985,true,true,0.9985,0.0,28.7,medium (III–IV),nv,nv,true
FDL036,mel,nv,0.9997,false,true,0.9997,1.9987,66.2,light (I–II),mel,nv,false
FDL052,mel,nv,0.7015,false,true,0.7015,0.9869,54.9,light (I–II),mel,nv,false
FFL002,nv,nv,0.9999,true,true,0.9999,0.0,87.7,light (I–II),nv,nv,true
FFL004,nv,nv,0.9999,true,true,0.9999,0.0,68.9,light (I–II),nv,nv,true
FFL006,nv,nv,1.0,true,true,1.0,0.0,86.0,light (I–II),nv,nv,true
FFL008,nv,nv,1.0,true,true,1.0,0.0,83.2,light (I–II),nv,nv,true
FFL020,mel,nv,0.9984,false,true,0.9984,1.9942,79.6,light (I–II),mel,nv,false
FFL032,nv,nv,0.9957,true,true,0.9957,0.0,57.5,light (I–II),nv,nv,true
FFL052,bkl,bkl,0.8769,true,true,0.8769,0.0213,34.6,medium (III–IV),bkl,bkl,true
FFL068,mel,bkl,0.3535,false,true,0.3535,0.6121,6.5,dark (V–VI),mel,bkl,false
Fal012,nv,nv,0.9992,true,true,0.9992,0.0,70.4,light (I–II),nv,nv,true
Fal020,nv,nv,1.0,true,true,1.0,0.0,67.9,light (I–II),nv,nv,true
Fal024,nv,nv,0.9999,true,true,0.9999,0.0,74.9,light (I–II),nv,nv,true
Fal048,bkl,mel,0.9924,false,true,0.9924,1.9819,35.8,medium (III–IV),bkl,mel,false
Fal050,nv,nv,0.9992,true,true,0.9992,0.0,73.6,light (I–II),nv,nv,true
Fal064,nv,nv,0.9999,true,true,0.9999,0.0,72.4,light (I–II),nv,nv,true
Fal072,nv,nv,0.9999,true,true,0.9999,0.0,82.8,light (I–II),nv,nv,true
Fal078,mel,mel,0.9991,true,true,0.9991,0.0,65.9,light (I–II),mel,mel,true
Fal090,nv,nv,0.9999,true,true,0.9999,0.0,77.0,light (I–II),nv,nv,true
Fal096,bcc,bcc,0.9967,true,true,0.9967,0.0,51.3,light (I–II),bcc,bcc,true
Fal100,nv,nv,0.9998,true,true,0.9998,0.0,64.0,light (I–II),nv,nv,true
Fbl002,nv,nv,1.0,true,true,1.0,0.0,68.1,light (I–II),nv,nv,true
Fbl004,nv,nv,0.9994,true,true,0.9994,0.0,44.5,light (I–II),nv,nv,true
Fbl006,nv,nv,0.9999,true,true,0.9999,0.0,73.5,light (I–II),nv,nv,true
Fbl010,nv,nv,0.9999,true,true,0.9999,0.0,52.3,light (I–II),nv,nv,true
Fbl018,nv,nv,0.7428,true,true,0.7428,0.132,76.5,light (I–II),nv,nv,true
Fbl022,nv,nv,0.9991,true,true,0.9991,0.0,81.0,light (I–II),nv,nv,true
Fbl024,nv,nv,1.0,true,true,1.0,0.0,78.1,light (I–II),nv,nv,true
Fbl028,mel,nv,0.9989,false,true,0.9989,1.9958,45.6,light (I–II),mel,nv,false
Fbl030,nv,nv,0.9808,true,true,0.9808,0.0005,51.3,light (I–II),nv,nv,true
Fbl036,nv,nv,1.0,true,true,1.0,0.0,83.3,light (I–II),nv,nv,true
Fbl038,nv,nv,1.0,true,true,1.0,0.0,74.2,light (I–II),nv,nv,true
Fbl040,nv,mel,0.587,false,true,0.587,1.4773,74.4,light (I–II),nv,mel,false
Fbl044,nv,nv,1.0,true,true,1.0,0.0,69.5,light (I–II),nv,nv,true
Fbl048,nv,nv,0.9969,true,true,0.9969,0.0,83.8,light (I–II),nv,nv,true
Fbl050,mel,nv,0.9999,false,true,0.9999,1.9999,62.9,light (I–II),mel,nv,false
Fbl054,nv,nv,0.9999,true,true,0.9999,0.0,72.5,light (I–II),nv,nv,true
Fbl056,nv,nv,0.9659,true,true,0.9659,0.002,77.7,light (I–II),nv,nv,true
Fbl064,nv,nv,0.9999,true,true,0.9999,0.0,78.1,light (I–II),nv,nv,true
Fbl068,nv,nv,0.9998,true,true,0.9998,0.0,79.2,light (I–II),nv,nv,true
Fbl072,nv,bkl,0.5431,false,true,0.5431,0.596,79.8,light (I–II),nv,bkl,false
Fbl074,nv,nv,0.9993,true,true,0.9993,0.0,73.6,light (I–II),nv,nv,true
Fbl076,nv,nv,0.9997,true,true,0.9997,0.0,83.3,light (I–II),nv,nv,true
Fbl080,nv,nv,0.9999,true,true,0.9999,0.0,62.6,light (I–II),nv,nv,true
Fbl082,mel,nv,0.9997,false,true,0.9997,1.9994,74.2,light (I–II),mel,nv,false
Fbl088,nv,nv,0.9962,true,true,0.9962,0.0,73.9,light (I–II),nv,nv,true
Fbl090,nv,nv,1.0,true,true,1.0,0.0,77.8,light (I–II),nv,nv,true
Fbl092,nv,nv,0.9999,true,true,0.9999,0.0,78.7,light (I–II),nv,nv,true
Fbl094,nv,nv,0.9954,true,true,0.9954,0.0,72.5,light (I–II),nv,nv,true
Fbl098,nv,nv,0.9999,true,true,0.9999,0.0,75.9,light (I–II),nv,nv,true
Fcl010,nv,nv,0.9502,true,true,0.9502,0.0049,64.1,light (I–II),nv,nv,true
Fcl012,nv,nv,0.9995,true,true,0.9995,0.0,57.6,light (I–II),nv,nv,true
Fcl014,nv,nv,0.9899,true,true,0.9899,0.0002,71.0,light (I–II),nv,nv,true
Fcl016,mel,nv,0.661,false,false,0.661,1.5412,72.7,light (I–II),mel,nv,false
Fcl022,mel,bkl,0.9637,false,true,0.9637,1.8624,69.8,light (I–II),mel,bkl,false
Fcl024,nv,nv,1.0,true,true,1.0,0.0,68.1,light (I–II),nv,nv,true
Fcl026,mel,mel,0.9996,true,true,0.9996,0.0,67.9,light (I–II),mel,mel,true
Fcl028,nv,mel,0.9994,false,true,0.9994,1.9985,39.6,medium (III–IV),nv,mel,false
Fcl030,nv,nv,0.9999,true,true,0.9999,0.0,53.6,light (I–II),nv,nv,true
Fcl032,nv,nv,1.0,true,true,1.0,0.0,63.9,light (I–II),nv,nv,true
Fcl034,nv,nv,0.9999,true,true,0.9999,0.0,72.1,light (I–II),nv,nv,true
Fcl036,nv,nv,0.9968,true,true,0.9968,0.0,82.2,light (I–II),nv,nv,true
Fcl038,nv,nv,0.9998,true,true,0.9998,0.0,74.4,light (I–II),nv,nv,true
Fcl040,mel,nv,0.9967,false,true,0.9967,1.9871,78.2,light (I–II),mel,nv,false
Fcl044,mel,nv,0.9945,false,true,0.9945,1.9789,73.7,light (I–II),mel,nv,false
Fcl048,nv,nv,0.9992,true,true,0.9992,0.0,47.1,light (I–II),nv,nv,true
Fcl050,nv,nv,1.0,true,true,1.0,0.0,74.9,light (I–II),nv,nv,true
Fcl060,mel,nv,0.9095,false,true,0.9095,1.656,74.4,light (I–II),mel,nv,false
Fcl062,bcc,nv,0.6518,false,true,0.6518,1.3017,53.4,light (I–II),bcc,nv,false
Fcl068,mel,mel,0.4973,true,true,0.4973,0.4865,72.2,light (I–II),mel,mel,true
Fcl070,nv,nv,1.0,true,true,1.0,0.0,61.1,light (I–II),nv,nv,true
Fcl076,nv,mel,0.7266,false,true,0.7266,1.0575,69.0,light (I–II),nv,mel,false
Fcl080,nv,nv,0.9999,true,true,0.9999,0.0,76.1,light (I–II),nv,nv,true
Fcl088,nv,nv,0.9316,true,true,0.9316,0.0088,65.4,light (I–II),nv,nv,true
Fcl090,nv,nv,0.9999,true,true,0.9999,0.0,75.8,light (I–II),nv,nv,true
Fcl092,mel,mel,0.9983,true,true,0.9983,0.0,74.5,light (I–II),mel,mel,true
Fcl094,nv,nv,0.9999,true,true,0.9999,0.0,72.9,light (I–II),nv,nv,true
Fcl096,nv,nv,0.9999,true,true,0.9999,0.0,69.4,light (I–II),nv,nv,true
Fcl098,nv,nv,0.9987,true,true,0.9987,0.0,78.3,light (I–II),nv,nv,true
Fcl100,mel,mel,0.9837,true,true,0.9837,0.0004,69.3,light (I–II),mel,mel,true
Fdl002,nv,nv,1.0,true,true,1.0,0.0,80.8,light (I–II),nv,nv,true
Fdl014,mel,bkl,0.9914,false,false,0.9914,1.9826,54.4,light (I–II),mel,bkl,false
Fdl020,nv,nv,0.9969,true,true,0.9969,0.0,79.6,light (I–II),nv,nv,true
Fdl028,nv,nv,1.0,true,true,1.0,0.0,64.9,light (I–II),nv,nv,true
Fdl030,nv,nv,1.0,true,true,1.0,0.0,80.3,light (I–II),nv,nv,true
Fdl032,bkl,bkl,0.62,true,true,0.62,0.2807,76.4,light (I–II),bkl,bkl,true
Fdl054,nv,nv,0.9945,true,true,0.9945,0.0,76.0,light (I–II),nv,nv,true
Fdl056,mel,nv,0.9999,false,false,0.9999,1.9998,56.2,light (I–II),mel,nv,false
Fdl058,bkl,bkl,0.9866,true,true,0.9866,0.0003,61.7,light (I–II),bkl,bkl,true
Fdl060,bkl,bkl,0.9303,true,true,0.9303,0.0091,66.5,light (I–II),bkl,bkl,true
Fdl062,nv,nv,0.9997,true,true,0.9997,0.0,63.9,light (I–II),nv,nv,true
Fdl070,bcc,bcc,0.9852,true,true,0.9852,0.0004,70.8,light (I–II),bcc,bcc,true
Fdl071,bkl,bkl,0.993,true,true,0.993,0.0001,61.4,light (I–II),bkl,bkl,true
Fdl074,bkl,mel,0.9157,false,true,0.9157,1.6821,69.1,light (I–II),bkl,mel,false
Fel002,nv,nv,0.9999,true,true,0.9999,0.0,75.0,light (I–II),nv,nv,true
Fel016,nv,nv,0.9999,true,true,0.9999,0.0,83.6,light (I–II),nv,nv,true
Fel018,nv,mel,0.9683,false,true,0.9683,1.8763,80.5,light (I–II),nv,mel,false
Fel024,nv,nv,0.9995,true,true,0.9995,0.0,55.3,light (I–II),nv,nv,true
Fel030,nv,nv,0.9999,true,true,0.9999,0.0,75.7,light (I–II),nv,nv,true
Fel034,nv,mel,0.9687,false,true,0.9687,1.8775,51.9,light (I–II),nv,mel,false
Fel038,nv,mel,0.6244,false,true,0.6244,0.8247,77.0,light (I–II),nv,mel,false
Fel052,nv,nv,1.0,true,true,1.0,0.0,78.4,light (I–II),nv,nv,true
Fel064,nv,nv,0.9998,true,true,0.9998,0.0,28.1,medium (III–IV),nv,nv,true
Fel068,nv,nv,1.0,true,true,1.0,0.0,57.7,light (I–II),nv,nv,true
Fel070,nv,nv,1.0,true,true,1.0,0.0,81.7,light (I–II),nv,nv,true
Fel072,nv,mel,0.9644,false,true,0.9644,1.8609,54.4,light (I–II),nv,mel,false
Fel074,nv,nv,0.9564,true,true,0.9564,0.0038,61.2,light (I–II),nv,nv,true
Fel080,nv,nv,0.9997,true,true,0.9997,0.0,83.9,light (I–II),nv,nv,true
Fel082,nv,nv,1.0,true,true,1.0,0.0,81.3,light (I–II),nv,nv,true
Fel084,nv,nv,0.9999,true,true,0.9999,0.0,79.1,light (I–II),nv,nv,true
Fel086,nv,nv,0.9999,true,true,0.9999,0.0,74.7,light (I–II),nv,nv,true
Fel088,nv,nv,0.9996,true,true,0.9996,0.0,84.4,light (I–II),nv,nv,true
Fel092,nv,nv,0.9814,true,true,0.9814,0.0004,67.4,light (I–II),nv,nv,true
Fel096,nv,nv,0.9986,true,true,0.9986,0.0,78.4,light (I–II),nv,nv,true
Fel098,mel,mel,0.6789,true,true,0.6789,0.2059,82.2,light (I–II),mel,mel,true
Fel100,nv,nv,0.9999,true,true,0.9999,0.0,72.5,light (I–II),nv,nv,true
Ffl010,nv,nv,1.0,true,true,1.0,0.0,58.4,light (I–II),nv,nv,true
Ffl014,nv,nv,0.988,true,true,0.988,0.0003,69.8,light (I–II),nv,nv,true
Ffl016,nv,nv,0.9999,true,true,0.9999,0.0,85.4,light (I–II),nv,nv,true
Ffl034,nv,nv,0.9284,true,true,0.9284,0.0102,73.6,light (I–II),nv,nv,true
Ffl042,nv,nv,0.9998,true,true,0.9998,0.0,71.3,light (I–II),nv,nv,true
Ffl062,nv,nv,0.981,true,true,0.981,0.0007,-32.2,dark (V–VI),nv,nv,true
Ffl066,nv,nv,0.9999,true,true,0.9999,0.0,71.7,light (I–II),nv,nv,true
Ffl070,bkl,bkl,0.9996,true,true,0.9996,0.0,51.8,light (I–II),bkl,bkl,true
Ffl078,nv,nv,0.9999,true,true,0.9999,0.0,77.1,light (I–II),nv,nv,true
Ffl080,mel,nv,0.9997,false,true,0.9997,1.9987,84.9,light (I–II),mel,nv,false
Ffl082,nv,nv,0.9994,true,true,0.9994,0.0,50.9,light (I–II),nv,nv,true
Ffl084,nv,nv,0.9991,true,true,0.9991,0.0,74.4,light (I–II),nv,nv,true
Ffl092,mel,nv,0.9995,false,true,0.9995,1.9984,75.2,light (I–II),mel,nv,false
Ffl094,mel,bkl,0.8653,false,true,0.8653,1.5013,47.8,light (I–II),mel,bkl,false
Ffl096,nv,nv,0.9664,true,true,0.9664,0.0016,31.2,medium (III–IV),nv,nv,true
Ffl100,nv,nv,0.9998,true,true,0.9998,0.0,58.8,light (I–II),nv,nv,true
Fgl002,nv,nv,1.0,true,true,1.0,0.0,74.2,light (I–II),nv,nv,true
Fgl005,nv,nv,0.9999,true,true,0.9999,0.0,58.1,light (I–II),nv,nv,true
Fgl006,mel,mel,0.9998,true,true,0.9998,0.0,56.7,light (I–II),mel,mel,true
Fgl008,nv,nv,0.9999,true,true,0.9999,0.0,80.3,light (I–II),nv,nv,true
Fgl010,nv,nv,1.0,true,true,1.0,0.0,77.6,light (I–II),nv,nv,true
Fgl012,nv,nv,1.0,true,true,1.0,0.0,79.9,light (I–II),nv,nv,true
Fgl014,nv,nv,0.9999,true,true,0.9999,0.0,44.8,light (I–II),nv,nv,true
Fgl018,mel,nv,1.0,false,true,1.0,1.9999,76.2,light (I–II),mel,nv,false
Fgl020,nv,nv,0.9999,true,true,0.9999,0.0,59.1,light (I–II),nv,nv,true
Fgl023,nv,nv,0.9999,true,true,0.9999,0.0,70.7,light (I–II),nv,nv,true
Fgl029,mel,mel,0.9914,true,true,0.9914,0.0001,53.5,light (I–II),mel,mel,true
Fgl035,nv,nv,0.9041,true,true,0.9041,0.0183,75.5,light (I–II),nv,nv,true
Fgl036,nv,nv,0.9999,true,true,0.9999,0.0,79.8,light (I–II),nv,nv,true
Fgl037,nv,nv,0.9591,true,true,0.9591,0.0033,71.6,light (I–II),nv,nv,true
Fgl042,nv,nv,1.0,true,true,1.0,0.0,85.3,light (I–II),nv,nv,true
Fgl044,mel,mel,0.9928,true,true,0.9928,0.0001,-12.9,dark (V–VI),mel,mel,true
Fgl047,nv,nv,0.9933,true,true,0.9933,0.0001,37.3,medium (III–IV),nv,nv,true
Fgl051,nv,nv,0.9998,true,true,0.9998,0.0,81.7,light (I–II),nv,nv,true
Fgl053,bcc,bcc,0.9994,true,true,0.9994,0.0,-1.2,dark (V–VI),bcc,bcc,true
Fgl055,nv,nv,0.9997,true,true,0.9997,0.0,81.4,light (I–II),nv,nv,true
Fgl057,mel,nv,0.9885,false,true,0.9885,1.9616,56.8,light (I–II),mel,nv,false
Fgl059,bkl,mel,0.9138,false,true,0.9138,1.7806,-3.8,dark (V–VI),bkl,mel,false
Fgl061,mel,bkl,0.6341,false,true,0.6341,0.9663,61.8,light (I–II),mel,bkl,false
Fgl063,nv,nv,0.9994,true,true,0.9994,0.0,73.9,light (I–II),nv,nv,true
Fgl068,nv,nv,0.9997,true,true,0.9997,0.0,55.0,light (I–II),nv,nv,true
Fgl072,nv,nv,0.8057,true,true,0.8057,0.0748,69.2,light (I–II),nv,nv,true
Fgl074,nv,nv,0.9998,true,true,0.9998,0.0,76.8,light (I–II),nv,nv,true
Fgl078,nv,nv,0.9999,true,true,0.9999,0.0,55.4,light (I–II),nv,nv,true
Fgl082,mel,mel,0.9989,true,true,0.9989,0.0,60.0,light (I–II),mel,mel,true
Fgl083,mel,mel,0.9799,true,true,0.9799,0.0006,64.8,light (I–II),mel,mel,true
Fgl087,nv,nv,1.0,true,true,1.0,0.0,61.6,light (I–II),nv,nv,true
Fgl088,bcc,bcc,0.991,true,true,0.991,0.0001,71.5,light (I–II),bcc,bcc,true
Fgl090,nv,nv,0.9669,true,true,0.9669,0.0021,53.8,light (I–II),nv,nv,true
Fhl002,bkl,mel,0.7479,false,false,0.7479,1.5302,72.2,light (I–II),bkl,mel,false
Fhl004,bkl,bkl,0.9964,true,true,0.9964,0.0,62.7,light (I–II),bkl,bkl,true
Fhl006,bkl,akiec,0.6471,false,true,0.6471,1.462,54.4,light (I–II),bkl,akiec,false
Fhl008,bkl,nv,0.7017,false,true,0.7017,1.0648,58.6,light (I–II),bkl,nv,false
Fhl010,bkl,bkl,0.6898,true,true,0.6898,0.1379,20.2,medium (III–IV),bkl,bkl,true
Fhl012,bkl,mel,0.5351,false,false,0.5351,1.1404,79.0,light (I–II),bkl,mel,false
Fhl014,bkl,akiec,0.7998,false,true,0.7998,1.4279,83.1,light (I–II),bkl,akiec,false
Fhl016,bkl,nv,0.998,false,true,0.998,1.9953,84.9,light (I–II),bkl,nv,false
Fhl018,bkl,bkl,0.9684,true,true,0.9684,0.0019,17.5,dark (V–VI),bkl,bkl,true
Fhl022,bkl,bcc,0.2407,false,true,0.2407,0.8531,25.1,medium (III–IV),bkl,bcc,false
Fhl028,bkl,akiec,0.5146,false,true,0.5146,0.6128,61.2,light (I–II),bkl,akiec,false
Fhl030,nv,mel,0.7987,false,true,0.7987,1.6156,73.6,light (I–II),nv,mel,false
Fhl032,nv,nv,1.0,true,true,1.0,0.0,79.9,light (I–II),nv,nv,true
Fhl034,nv,nv,0.9999,true,true,0.9999,0.0,59.2,light (I–II),nv,nv,true
Fhl038,nv,nv,0.9997,true,true,0.9997,0.0,92.0,light (I–II),nv,nv,true
Fhl040,nv,nv,0.9986,true,true,0.9986,0.0,76.4,light (I–II),nv,nv,true
Fhl042,nv,nv,0.9998,true,true,0.9998,0.0,70.5,light (I–II),nv,nv,true
Fhl044,df,df,0.9424,true,true,0.9424,0.0054,74.7,light (I–II),df,df,true
Fhl046,mel,mel,0.9972,true,true,0.9972,0.0,79.8,light (I–II),mel,mel,true
Fhl048,bkl,mel,0.9553,false,true,0.9553,1.8819,64.7,light (I–II),bkl,mel,false
Fhl050,bcc,bcc,0.9992,true,true,0.9992,0.0,73.9,light (I–II),bcc,bcc,true
Fhl052,bcc,bkl,0.9881,false,false,0.9881,1.9716,57.6,light (I–II),bcc,bkl,false
Fhl058,vasc,vasc,0.6353,true,true,0.6353,0.224,43.3,light (I–II),vasc,vasc,true
Fhl060,vasc,nv,0.5175,false,true,0.5175,0.8396,84.3,light (I–II),vasc,nv,false
Fhl064,nv,nv,0.9999,true,true,0.9999,0.0,46.3,light (I–II),nv,nv,true
Fhl066,nv,nv,0.9998,true,true,0.9998,0.0,35.8,medium (III–IV),nv,nv,true
Fhl070,nv,nv,0.9999,true,true,0.9999,0.0,67.9,light (I–II),nv,nv,true
Fhl072,nv,nv,1.0,true,true,1.0,0.0,37.7,medium (III–IV),nv,nv,true
Fhl074,nv,nv,1.0,true,true,1.0,0.0,65.0,light (I–II),nv,nv,true
Fhl076,nv,nv,1.0,true,true,1.0,0.0,64.5,light (I–II),nv,nv,true
Fhl078,nv,nv,0.9999,true,true,0.9999,0.0,65.5,light (I–II),nv,nv,true
Fhl080,nv,nv,0.9999,true,true,0.9999,0.0,43.1,light (I–II),nv,nv,true
Fhl082,nv,nv,1.0,true,true,1.0,0.0,57.6,light (I–II),nv,nv,true
Fhl084,nv,nv,0.9999,true,true,0.9999,0.0,53.9,light (I–II),nv,nv,true
Fhl086,nv,nv,1.0,true,true,1.0,0.0,63.5,light (I–II),nv,nv,true
Fhl088,nv,nv,0.9563,true,true,0.9563,0.0038,63.2,light (I–II),nv,nv,true
Fhl090,nv,nv,0.9999,true,true,0.9999,0.0,60.4,light (I–II),nv,nv,true
Fhl092,nv,nv,1.0,true,true,1.0,0.0,75.0,light (I–II),nv,nv,true
Fhl094,nv,nv,1.0,true,true,1.0,0.0,57.1,light (I–II),nv,nv,true
Fhl096,nv,nv,1.0,true,true,1.0,0.0,59.2,light (I–II),nv,nv,true
Fhl098,nv,nv,1.0,true,true,1.0,0.0,58.8,light (I–II),nv,nv,true
Fhl100,nv,nv,1.0,true,true,1.0,0.0,71.9,light (I–II),nv,nv,true
Fil004,mel,nv,0.9997,false,true,0.9997,1.999,80.6,light (I–II),mel,nv,false
Fil006,mel,mel,0.9851,true,true,0.9851,0.0004,68.2,light (I–II),mel,mel,true
Fil008,mel,mel,0.9567,true,true,0.9567,0.0025,66.3,light (I–II),mel,mel,true
Fil010,mel,mel,0.9998,true,true,0.9998,0.0,63.3,light (I–II),mel,mel,true
Fil032,mel,nv,0.8775,false,true,0.8775,1.5407,58.1,light (I–II),mel,nv,false
Fil040,mel,nv,0.5694,false,true,0.5694,1.2386,53.2,light (I–II),mel,nv,false
Fil052,mel,nv,0.9958,false,true,0.9958,1.9834,79.3,light (I–II),mel,nv,false
Fil062,nv,bkl,0.717,false,true,0.717,1.388,86.1,light (I–II),nv,bkl,false
Fil064,bkl,nv,0.9968,false,false,0.9968,1.9924,87.2,light (I–II),bkl,nv,false
Fil070,mel,nv,0.9999,false,true,0.9999,1.9995,79.0,light (I–II),mel,nv,false
Fil080,bkl,bkl,0.9955,true,true,0.9955,0.0,70.1,light (I–II),bkl,bkl,true
Fil082,vasc,bcc,0.9867,false,true,0.9867,1.9557,78.9,light (I–II),vasc,bcc,false
Fil088,nv,nv,0.9998,true,true,0.9998,0.0,76.6,light (I–II),nv,nv,true
Fil094,nv,nv,1.0,true,true,1.0,0.0,78.4,light (I–II),nv,nv,true
Fll019,nv,nv,0.9992,true,true,0.9992,0.0,30.3,medium (III–IV),nv,nv,true
Fll021,nv,nv,1.0,true,true,1.0,0.0,69.7,light (I–II),nv,nv,true
Fll023,nv,nv,1.0,true,true,1.0,0.0,62.9,light (I–II),nv,nv,true
Fll027,mel,mel,0.9983,true,true,0.9983,0.0,68.0,light (I–II),mel,mel,true
Fll035,nv,nv,0.9999,true,true,0.9999,0.0,63.3,light (I–II),nv,nv,true
Fll037,nv,nv,1.0,true,true,1.0,0.0,74.9,light (I–II),nv,nv,true
Fll039,nv,nv,0.9999,true,true,0.9999,0.0,55.2,light (I–II),nv,nv,true
Fll041,nv,nv,0.9999,true,true,0.9999,0.0,60.3,light (I–II),nv,nv,true
Fll043,nv,nv,0.9999,true,true,0.9999,0.0,76.5,light (I–II),nv,nv,true
Fll045,mel,mel,0.7796,true,true,0.7796,0.0934,-47.0,dark (V–VI),mel,mel,true
Fll047,mel,mel,0.9996,true,true,0.9996,0.0,66.7,light (I–II),mel,mel,true
Fll065,nv,nv,1.0,true,true,1.0,0.0,65.7,light (I–II),nv,nv,true
Fll069,mel,mel,0.5606,true,true,0.5606,0.373,72.3,light (I–II),mel,mel,true
Fll071,mel,nv,0.9983,false,true,0.9983,1.9934,68.3,light (I–II),mel,nv,false
Fll077,nv,nv,0.9998,true,true,0.9998,0.0,79.4,light (I–II),nv,nv,true
Fll083,nv,nv,0.9999,true,true,0.9999,0.0,60.2,light (I–II),nv,nv,true
Fll085,mel,nv,0.9988,false,true,0.9988,1.9966,45.9,light (I–II),mel,nv,false
Fll087,nv,nv,0.9999,true,true,0.9999,0.0,74.9,light (I–II),nv,nv,true
Fll089,nv,bcc,0.5882,false,true,0.5882,1.1442,63.4,light (I–II),nv,bcc,false
Fll091,nv,nv,0.9999,true,true,0.9999,0.0,66.5,light (I–II),nv,nv,true
Fll097,mel,mel,0.9997,true,true,0.9997,0.0,-71.2,dark (V–VI),mel,mel,true
Fll104,bkl,nv,0.9488,false,true,0.9488,1.9026,69.4,light (I–II),bkl,nv,false
Fll108,mel,mel,0.9995,true,true,0.9995,0.0,18.8,dark (V–VI),mel,mel,true
Fll116,mel,mel,0.9984,true,true,0.9984,0.0,26.3,medium (III–IV),mel,mel,true
Fll118,mel,mel,0.9964,true,true,0.9964,0.0,72.6,light (I–II),mel,mel,true
Fll122,mel,mel,0.5235,true,true,0.5235,0.4534,88.7,light (I–II),mel,mel,true
Fll126,mel,mel,0.9955,true,true,0.9955,0.0,73.0,light (I–II),mel,mel,true
Fll128,mel,nv,0.9996,false,true,0.9996,1.9985,74.2,light (I–II),mel,nv,false
Fll130,mel,mel,1.0,true,true,1.0,0.0,39.5,medium (III–IV),mel,mel,true
Fll132,mel,nv,0.9994,false,true,0.9994,1.9979,87.0,light (I–II),mel,nv,false
Fll136,mel,mel,1.0,true,true,1.0,0.0,71.6,light (I–II),mel,mel,true
Fll142,nv,nv,1.0,true,true,1.0,0.0,79.4,light (I–II),nv,nv,true
Fml010,nv,nv,0.9998,true,true,0.9998,0.0,65.3,light (I–II),nv,nv,true
Fml020,nv,nv,0.9989,true,true,0.9989,0.0,84.3,light (I–II),nv,nv,true
Fml026,bkl,nv,0.5141,false,true,0.5141,0.5547,74.2,light (I–II),bkl,nv,false
Gal006,nv,nv,0.9999,true,true,0.9999,0.0,85.7,light (I–II),nv,nv,true
Gal008,bkl,nv,0.9918,false,true,0.9918,1.9776,86.7,light (I–II),bkl,nv,false
Gal010,nv,nv,1.0,true,true,1.0,0.0,70.0,light (I–II),nv,nv,true
Gal016,nv,nv,0.9996,true,true,0.9996,0.0,68.9,light (I–II),nv,nv,true
Gal025,nv,nv,0.9999,true,true,0.9999,0.0,92.3,light (I–II),nv,nv,true
Gal033,nv,nv,0.9682,true,true,0.9682,0.0018,79.1,light (I–II),nv,nv,true
Gal039,mel,nv,0.992,false,true,0.992,1.9724,81.1,light (I–II),mel,nv,false
Gal043,nv,nv,0.9999,true,true,0.9999,0.0,89.6,light (I–II),nv,nv,true
Gal045,nv,nv,0.9983,true,true,0.9983,0.0,88.8,light (I–II),nv,nv,true
Gal047,nv,nv,0.9997,true,true,0.9997,0.0,81.6,light (I–II),nv,nv,true
Gal049,nv,nv,0.9999,true,true,0.9999,0.0,78.8,light (I–II),nv,nv,true
Gal058,nv,nv,0.9998,true,true,0.9998,0.0,71.3,light (I–II),nv,nv,true
Gal062,nv,nv,0.6089,true,true,0.6089,0.2601,-35.8,dark (V–VI),nv,nv,true
Gal098,bcc,mel,0.9629,false,false,0.9629,1.9267,89.4,light (I–II),bcc,mel,false
Gal108,mel,mel,0.9796,true,true,0.9796,0.0008,76.8,light (I–II),mel,mel,true
Gal113,mel,nv,0.9994,false,true,0.9994,1.9978,90.0,light (I–II),mel,nv,false
Gal130,bkl,bkl,0.9997,true,true,0.9997,0.0,2.6,dark (V–VI),bkl,bkl,true
Gal134,bkl,nv,0.9913,false,true,0.9913,1.9674,80.8,light (I–II),bkl,nv,false
Gal146,mel,mel,0.9927,true,true,0.9927,0.0001,61.6,light (I–II),mel,mel,true
Gal152,nv,nv,0.9996,true,true,0.9996,0.0,90.6,light (I–II),nv,nv,true
Gal169,bkl,nv,0.975,false,true,0.975,1.9019,74.3,light (I–II),bkl,nv,false
Gal171,bkl,nv,0.9498,false,true,0.9498,1.8139,52.6,light (I–II),bkl,nv,false
Gal173,bkl,nv,0.9984,false,true,0.9984,1.9958,-59.1,dark (V–VI),bkl,nv,false
Gal185,mel,bkl,0.9042,false,true,0.9042,1.6464,-90.0,dark (V–VI),mel,bkl,false
Gal191,nv,nv,0.9993,true,true,0.9993,0.0,83.9,light (I–II),nv,nv,true
Gal209,mel,nv,0.8125,false,true,0.8125,1.3426,42.2,light (I–II),mel,nv,false
Gal211,mel,mel,0.987,true,true,0.987,0.0003,68.4,light (I–II),mel,mel,true
Gal216,nv,nv,0.9998,true,true,0.9998,0.0,86.4,light (I–II),nv,nv,true
Gal218,nv,nv,0.9982,true,true,0.9982,0.0,90.0,light (I–II),nv,nv,true
Gal220,mel,mel,0.999,true,true,0.999,0.0,81.1,light (I–II),mel,mel,true
Gal222,nv,nv,0.9968,true,true,0.9968,0.0,91.4,light (I–II),nv,nv,true
Gal226,df,nv,0.7988,false,true,0.7988,1.3039,85.0,light (I–II),df,nv,false
Gal230,nv,nv,1.0,true,true,1.0,0.0,86.8,light (I–II),nv,nv,true
Gal232,nv,nv,0.9992,true,true,0.9992,0.0,88.9,light (I–II),nv,nv,true
Gal238,nv,nv,0.9998,true,true,0.9998,0.0,88.3,light (I–II),nv,nv,true
Gal240,mel,nv,0.9919,false,true,0.9919,1.9683,76.4,light (I–II),mel,nv,false
Gal257,mel,mel,0.9999,true,true,0.9999,0.0,-89.8,dark (V–VI),mel,mel,true
Gal262,mel,mel,0.9996,true,true,0.9996,0.0,86.3,light (I–II),mel,mel,true
Gbl009,mel,bkl,0.6527,false,true,0.6527,1.3884,52.1,light (I–II),mel,bkl,false
Gbl014,mel,bkl,0.6547,false,true,0.6547,1.3827,58.2,light (I–II),mel,bkl,false
Gcl003,mel,mel,0.9984,true,true,0.9984,0.0,72.7,light (I–II),mel,mel,true
Gcl039,mel,mel,0.5757,true,true,0.5757,0.3458,71.3,light (I–II),mel,mel,true
Gcl052,mel,bcc,0.9342,false,true,0.9342,1.8231,79.2,light (I–II),mel,bcc,false
Gcl058,mel,nv,0.649,false,true,0.649,0.885,68.4,light (I–II),mel,nv,false
Gcl073,nv,nv,0.9996,true,true,0.9996,0.0,84.9,light (I–II),nv,nv,true
Gcl094,mel,mel,0.9992,true,true,0.9992,0.0,37.5,medium (III–IV),mel,mel,true
Gdl012,mel,bkl,0.9796,false,false,0.9796,1.958,80.2,light (I–II),mel,bkl,false
Gdl014,mel,mel,0.9908,true,true,0.9908,0.0002,76.1,light (I–II),mel,mel,true
Gdl021,mel,bkl,0.95,false,true,0.95,1.8929,86.8,light (I–II),mel,bkl,false
Gdl023,mel,bkl,0.8298,false,false,0.8298,1.6954,90.0,light (I–II),mel,bkl,false
Gdl025,mel,mel,0.9997,true,true,0.9997,0.0,-84.5,dark (V–VI),mel,mel,true
Gdl034,mel,mel,0.9992,true,true,0.9992,0.0,82.1,light (I–II),mel,mel,true
Gdl037,mel,mel,0.9975,true,true,0.9975,0.0,48.4,light (I–II),mel,mel,true
Gdl089,mel,mel,0.511,true,true,0.511,0.475,75.8,light (I–II),mel,mel,true
Gdl100,nv,nv,0.8761,true,true,0.8761,0.0286,55.9,light (I–II),nv,nv,true
Ggl002,nv,nv,1.0,true,true,1.0,0.0,93.5,light (I–II),nv,nv,true
Ggl004,nv,nv,0.9995,true,true,0.9995,0.0,87.6,light (I–II),nv,nv,true
Ggl006,nv,nv,0.9969,true,true,0.9969,0.0,87.0,light (I–II),nv,nv,true
Ggl008,nv,nv,0.9998,true,true,0.9998,0.0,77.5,light (I–II),nv,nv,true
Ggl010,nv,nv,0.9998,true,true,0.9998,0.0,87.3,light (I–II),nv,nv,true
Ggl012,vasc,vasc,0.8852,true,true,0.8852,0.0234,87.7,light (I–II),vasc,vasc,true
Ggl014,vasc,nv,0.9183,false,true,0.9183,1.79,96.9,light (I–II),vasc,nv,false
Ggl016,vasc,vasc,0.7005,true,true,0.7005,0.1735,88.1,light (I–II),vasc,vasc,true
Ggl018,bkl,nv,0.9999,false,true,0.9999,1.9999,82.7,light (I–II),bkl,nv,false
Ggl020,bkl,bkl,0.9876,true,true,0.9876,0.0003,87.8,light (I–II),bkl,bkl,true
Ggl022,bkl,bkl,0.9906,true,true,0.9906,0.0001,85.6,light (I–II),bkl,bkl,true
Ggl024,nv,nv,0.9999,true,true,0.9999,0.0,87.1,light (I–II),nv,nv,true
Ggl026,nv,nv,0.9998,true,true,0.9998,0.0,84.8,light (I–II),nv,nv,true
Ggl028,bcc,bkl,0.7363,false,false,0.7363,1.5962,76.5,light (I–II),bcc,bkl,false
Ggl030,bcc,akiec,0.9863,false,true,0.9863,1.9634,61.6,light (I–II),bcc,akiec,false
Ggl032,vasc,nv,0.9968,false,true,0.9968,1.9899,74.8,light (I–II),vasc,nv,false
Ggl034,nv,nv,0.9999,true,true,0.9999,0.0,87.5,light (I–II),nv,nv,true
Ggl036,mel,nv,0.9982,false,false,0.9982,1.9962,74.7,light (I–II),mel,nv,false
Ggl040,mel,bkl,0.7995,false,true,0.7995,1.4876,73.4,light (I–II),mel,bkl,false
Ggl042,nv,nv,0.7916,true,true,0.7916,0.0704,80.3,light (I–II),nv,nv,true
Ggl044,nv,nv,0.9985,true,true,0.9985,0.0,72.0,light (I–II),nv,nv,true
Ggl046,bkl,bkl,0.7645,true,true,0.7645,0.1102,79.7,light (I–II),bkl,bkl,true
Ggl048,df,df,0.8781,true,true,0.8781,0.0294,92.8,light (I–II),df,df,true
Ggl050,mel,nv,0.9518,false,true,0.9518,1.8136,77.0,light (I–II),mel,nv,false
Ggl052,nv,nv,1.0,true,true,1.0,0.0,76.3,light (I–II),nv,nv,true
Ggl054,mel,mel,0.8454,true,true,0.8454,0.0461,64.5,light (I–II),mel,mel,true
Ggl056,df,nv,0.7899,false,true,0.7899,1.3293,83.6,light (I–II),df,nv,false
Ggl058,mel,nv,0.9849,false,true,0.9849,1.9404,86.3,light (I–II),mel,nv,false
Ggl060,nv,nv,0.9998,true,true,0.9998,0.0,86.9,light (I–II),nv,nv,true
Ggl062,nv,nv,0.9999,true,true,0.9999,0.0,88.0,light (I–II),nv,nv,true
Ggl066,bkl,bkl,0.9995,true,true,0.9995,0.0,86.8,light (I–II),bkl,bkl,true
Ggl068,mel,nv,0.9996,false,true,0.9996,1.9984,87.4,light (I–II),mel,nv,false
Ggl070,bkl,nv,0.9141,false,true,0.9141,1.6742,50.5,light (I–II),bkl,nv,false
Ggl072,bkl,bkl,0.995,true,true,0.995,0.0,76.0,light (I–II),bkl,bkl,true
Ggl074,nv,nv,1.0,true,true,1.0,0.0,92.8,light (I–II),nv,nv,true
Ggl076,nv,nv,1.0,true,true,1.0,0.0,94.4,light (I–II),nv,nv,true
Ggl078,nv,nv,0.9999,true,true,0.9999,0.0,87.6,light (I–II),nv,nv,true
Ggl082,bcc,bcc,0.9995,true,true,0.9995,0.0,87.6,light (I–II),bcc,bcc,true
Ggl084,df,nv,0.9994,false,true,0.9994,1.9979,71.4,light (I–II),df,nv,false
Ggl086,bkl,nv,0.9997,false,true,0.9997,1.9991,75.3,light (I–II),bkl,nv,false
Ggl088,nv,nv,0.9999,true,true,0.9999,0.0,89.3,light (I–II),nv,nv,true
Ggl090,nv,nv,0.9987,true,true,0.9987,0.0,90.0,light (I–II),nv,nv,true
NBL041,mel,nv,0.9838,false,false,0.9838,1.9668,44.7,light (I–II),mel,nv,false
NBL049,mel,bkl,0.5475,false,true,0.5475,1.0344,-51.9,dark (V–VI),mel,bkl,false
NDL063,nv,nv,0.955,true,true,0.955,0.0039,87.9,light (I–II),nv,nv,true
NEL055,vasc,nv,0.9636,false,true,0.9636,1.8641,18.9,dark (V–VI),vasc,nv,false
NFL028,bkl,bkl,0.9793,true,true,0.9793,0.0006,67.6,light (I–II),bkl,bkl,true
NGL010,mel,mel,0.9936,true,true,0.9936,0.0001,89.3,light (I–II),mel,mel,true
NGL025,mel,nv,0.8678,false,true,0.8678,1.521,82.7,light (I–II),mel,nv,false
NLL034,nv,nv,0.9996,true,true,0.9996,0.0,71.2,light (I–II),nv,nv,true
NLL052,nv,nv,0.9998,true,true,0.9998,0.0,68.0,light (I–II),nv,nv,true
NLL067,nv,nv,0.9825,true,true,0.9825,0.0004,66.8,light (I–II),nv,nv,true
NML032,nv,nv,0.9925,true,true,0.9925,0.0001,60.6,light (I–II),nv,nv,true
NML092,nv,nv,0.9996,true,true,0.9996,0.0,54.3,light (I–II),nv,nv,true
Nal002,mel,mel,0.9394,true,true,0.9394,0.0058,44.7,light (I–II),mel,mel,true
Nal005,mel,mel,0.9845,true,true,0.9845,0.0005,13.4,dark (V–VI),mel,mel,true
Nal008,mel,nv,0.9891,false,true,0.9891,1.9741,69.4,light (I–II),mel,nv,false
Nal018,mel,nv,0.6364,false,false,0.6364,1.5244,66.1,light (I–II),mel,nv,false
Nal020,mel,nv,0.5331,false,true,0.5331,0.5803,64.0,light (I–II),mel,nv,false
Nal022,mel,nv,0.9981,false,true,0.9981,1.9928,81.6,light (I–II),mel,nv,false
Nal025,mel,mel,0.9374,true,true,0.9374,0.0072,72.8,light (I–II),mel,mel,true
Nal033,mel,mel,0.9906,true,true,0.9906,0.0001,-40.2,dark (V–VI),mel,mel,true
Nal035,mel,mel,0.9981,true,true,0.9981,0.0,81.5,light (I–II),mel,mel,true
Nal037,mel,nv,0.9988,false,true,0.9988,1.996,68.9,light (I–II),mel,nv,false
Nal044,mel,nv,0.9995,false,true,0.9995,1.9984,67.2,light (I–II),mel,nv,false
Nal047,mel,mel,0.9428,true,true,0.9428,0.0065,80.7,light (I–II),mel,mel,true
Nal049,mel,mel,0.9986,true,true,0.9986,0.0,74.1,light (I–II),mel,mel,true
Nal052,mel,mel,0.9103,true,true,0.9103,0.0156,-17.6,dark (V–VI),mel,mel,true
Nal057,mel,mel,0.9935,true,true,0.9935,0.0001,53.3,light (I–II),mel,mel,true
Nal058,mel,mel,0.9935,true,true,0.9935,0.0001,71.4,light (I–II),mel,mel,true
Nal064,mel,mel,0.9035,true,true,0.9035,0.018,50.4,light (I–II),mel,mel,true
Nal066,mel,mel,0.9939,true,true,0.9939,0.0001,72.2,light (I–II),mel,mel,true
Nal070,mel,mel,0.9986,true,true,0.9986,0.0,-41.2,dark (V–VI),mel,mel,true
Nal073,mel,nv,0.9873,false,true,0.9873,1.9507,40.6,medium (III–IV),mel,nv,false
Nal075,mel,nv,0.9989,false,true,0.9989,1.9977,84.5,light (I–II),mel,nv,false
Nal077,mel,mel,0.9897,true,true,0.9897,0.0002,80.8,light (I–II),mel,mel,true
Nal080,mel,bkl,0.3452,false,true,0.3452,0.662,67.5,light (I–II),mel,bkl,false
Nal082,mel,mel,0.9884,true,true,0.9884,0.0002,50.7,light (I–II),mel,mel,true
Nal084,mel,nv,0.9984,false,true,0.9984,1.9943,60.0,light (I–II),mel,nv,false
Nal086,mel,mel,0.9979,true,true,0.9979,0.0,65.3,light (I–II),mel,mel,true
Nal088,mel,mel,0.8045,true,true,0.8045,0.076,83.6,light (I–II),mel,mel,true
Nal090,mel,mel,0.8969,true,true,0.8969,0.016,72.6,light (I–II),mel,mel,true
Nal091,mel,mel,0.5763,true,true,0.5763,0.3131,-63.0,dark (V–VI),mel,mel,true
Nal097,mel,mel,0.9912,true,true,0.9912,0.0001,74.0,light (I–II),mel,mel,true
Nal099,mel,mel,0.7877,true,true,0.7877,0.066,73.9,light (I–II),mel,mel,true
Nbl001,mel,mel,0.9988,true,true,0.9988,0.0,83.8,light (I–II),mel,mel,true
Nbl004,mel,mel,0.9995,true,true,0.9995,0.0,59.8,light (I–II),mel,mel,true
Nbl006,mel,nv,0.9992,false,true,0.9992,1.9972,79.1,light (I–II),mel,nv,false
Nbl007,mel,mel,0.9997,true,true,0.9997,0.0,70.6,light (I–II),mel,mel,true
Nbl010,mel,mel,0.7412,true,true,0.7412,0.1187,-54.9,dark (V–VI),mel,mel,true
Nbl013,mel,nv,0.9988,false,true,0.9988,1.9953,51.5,light (I–II),mel,nv,false
Nbl015,mel,nv,0.9231,false,true,0.9231,1.7124,74.0,light (I–II),mel,nv,false
Nbl017,mel,mel,0.9984,true,true,0.9984,0.0,77.0,light (I–II),mel,mel,true
Nbl019,mel,mel,0.9999,true,true,0.9999,0.0,-50.3,dark (V–VI),mel,mel,true
Nbl022,mel,nv,0.9904,false,true,0.9904,1.9647,65.7,light (I–II),mel,nv,false
Nbl025,mel,mel,0.9633,true,true,0.9633,0.002,19.2,medium (III–IV),mel,mel,true
Nbl028,mel,mel,0.9962,true,true,0.9962,0.0,85.4,light (I–II),mel,mel,true
Nbl030,mel,nv,0.9997,false,true,0.9997,1.9992,80.3,light (I–II),mel,nv,false
Nbl031,mel,mel,0.9983,true,true,0.9983,0.0,51.9,light (I–II),mel,mel,true
Nbl034,mel,bkl,0.8943,false,true,0.8943,1.7835,76.1,light (I–II),mel,bkl,false
Nbl037,mel,mel,0.9965,true,true,0.9965,0.0,11.5,dark (V–VI),mel,mel,true
Nbl040,mel,mel,0.9961,true,true,0.9961,0.0,0.9,dark (V–VI),mel,mel,true
Nbl042,mel,nv,0.8881,false,false,0.8881,1.7929,72.7,light (I–II),mel,nv,false
Nbl044,mel,mel,0.6803,true,true,0.6803,0.178,68.8,light (I–II),mel,mel,true
Nbl046,mel,nv,0.9906,false,false,0.9906,1.981,85.8,light (I–II),mel,nv,false
Nbl048,mel,mel,0.7006,true,true,0.7006,0.1756,76.7,light (I–II),mel,mel,true
Nbl054,mel,mel,0.7342,true,true,0.7342,0.0845,-53.3,dark (V–VI),mel,mel,true
Nbl059,mel,bcc,0.7535,false,true,0.7535,1.3146,58.7,light (I–II),mel,bcc,false
Nbl060,mel,mel,0.9999,true,true,0.9999,0.0,65.8,light (I–II),mel,mel,true
Nbl063,mel,mel,0.9971,true,true,0.9971,0.0,79.3,light (I–II),mel,mel,true
Nbl065,mel,mel,0.9985,true,true,0.9985,0.0,8.5,dark (V–VI),mel,mel,true
Nbl074,mel,nv,0.9962,false,false,0.9962,1.9912,82.1,light (I–II),mel,nv,false
Nbl076,nv,nv,0.9998,true,true,0.9998,0.0,66.3,light (I–II),nv,nv,true
Nbl080,nv,nv,0.962,true,true,0.962,0.0028,73.4,light (I–II),nv,nv,true
Nbl081,nv,nv,0.9975,true,true,0.9975,0.0,86.2,light (I–II),nv,nv,true
Nbl086,nv,nv,0.9997,true,true,0.9997,0.0,84.8,light (I–II),nv,nv,true
Nbl088,nv,nv,0.9949,true,true,0.9949,0.0,69.7,light (I–II),nv,nv,true
Nbl095,nv,nv,0.9996,true,true,0.9996,0.0,73.5,light (I–II),nv,nv,true
Nbl098,nv,nv,1.0,true,true,1.0,0.0,81.0,light (I–II),nv,nv,true
Nbl100,nv,nv,0.9986,true,true,0.9986,0.0,70.7,light (I–II),nv,nv,true
Ncl004,nv,nv,0.9992,true,true,0.9992,0.0,79.8,light (I–II),nv,nv,true
Ncl006,nv,nv,0.9813,true,true,0.9813,0.0007,79.9,light (I–II),nv,nv,true
Ncl008,nv,nv,0.9277,true,true,0.9277,0.0103,82.3,light (I–II),nv,nv,true
Ncl010,nv,nv,0.9999,true,true,0.9999,0.0,66.0,light (I–II),nv,nv,true
Ncl012,nv,mel,0.6221,false,true,0.6221,0.7745,75.7,light (I–II),nv,mel,false
Ncl014,nv,nv,0.7661,true,true,0.7661,0.1093,84.1,light (I–II),nv,nv,true
Ncl020,nv,nv,0.9999,true,true,0.9999,0.0,84.5,light (I–II),nv,nv,true
Ncl022,nv,bkl,0.7428,false,true,0.7428,1.116,81.0,light (I–II),nv,bkl,false
Ncl027,nv,nv,0.9985,true,true,0.9985,0.0,57.6,light (I–II),nv,nv,true
Ncl030,nv,nv,0.9999,true,true,0.9999,0.0,74.4,light (I–II),nv,nv,true
Ncl032,nv,nv,0.9873,true,true,0.9873,0.0003,70.2,light (I–II),nv,nv,true
Ncl035,nv,mel,0.7353,false,true,0.7353,1.086,78.7,light (I–II),nv,mel,false
Ncl044,nv,nv,0.9999,true,true,0.9999,0.0,70.9,light (I–II),nv,nv,true
Ncl048,nv,nv,0.9997,true,true,0.9997,0.0,83.3,light (I–II),nv,nv,true
Ncl050,nv,nv,0.9976,true,true,0.9976,0.0,78.6,light (I–II),nv,nv,true
Ncl051,nv,nv,0.9997,true,true,0.9997,0.0,85.0,light (I–II),nv,nv,true
Ncl053,nv,nv,0.991,true,true,0.991,0.0001,73.0,light (I–II),nv,nv,true
Ncl056,nv,nv,0.9978,true,true,0.9978,0.0,83.4,light (I–II),nv,nv,true
Ncl063,nv,nv,0.9999,true,true,0.9999,0.0,82.4,light (I–II),nv,nv,true
Ncl064,nv,nv,0.9999,true,true,0.9999,0.0,68.0,light (I–II),nv,nv,true
Ncl069,nv,nv,0.9996,true,true,0.9996,0.0,73.1,light (I–II),nv,nv,true
Ncl071,nv,nv,0.9998,true,true,0.9998,0.0,44.2,light (I–II),nv,nv,true
Ncl076,nv,nv,0.9999,true,true,0.9999,0.0,68.9,light (I–II),nv,nv,true
Ncl078,nv,nv,0.9998,true,true,0.9998,0.0,73.8,light (I–II),nv,nv,true
Ncl079,nv,nv,0.9012,true,true,0.9012,0.0159,69.4,light (I–II),nv,nv,true
Ncl083,nv,nv,1.0,true,true,1.0,0.0,77.7,light (I–II),nv,nv,true
Ncl085,nv,nv,0.9997,true,true,0.9997,0.0,83.7,light (I–II),nv,nv,true
Ncl093,nv,nv,0.9997,true,true,0.9997,0.0,72.9,light (I–II),nv,nv,true
Ncl095,nv,nv,0.9999,true,true,0.9999,0.0,74.1,light (I–II),nv,nv,true
Ncl100,nv,nv,0.999,true,true,0.999,0.0,63.1,light (I–II),nv,nv,true
Ndl005,nv,nv,1.0,true,true,1.0,0.0,69.4,light (I–II),nv,nv,true
Ndl009,nv,nv,0.9996,true,true,0.9996,0.0,74.1,light (I–II),nv,nv,true
Ndl012,nv,nv,0.9953,true,true,0.9953,0.0,85.3,light (I–II),nv,nv,true
Ndl018,nv,nv,0.9999,true,true,0.9999,0.0,59.3,light (I–II),nv,nv,true
Ndl021,nv,nv,0.9993,true,true,0.9993,0.0,80.0,light (I–II),nv,nv,true
Ndl022,nv,nv,0.9936,true,true,0.9936,0.0001,78.1,light (I–II),nv,nv,true
Ndl025,nv,nv,0.9997,true,true,0.9997,0.0,71.5,light (I–II),nv,nv,true
Ndl027,nv,nv,0.996,true,true,0.996,0.0,72.2,light (I–II),nv,nv,true
Ndl028,nv,nv,0.9696,true,true,0.9696,0.0018,68.4,light (I–II),nv,nv,true
Ndl031,nv,nv,0.9995,true,true,0.9995,0.0,82.4,light (I–II),nv,nv,true
Ndl033,nv,nv,0.9996,true,true,0.9996,0.0,85.6,light (I–II),nv,nv,true
Ndl035,nv,nv,0.9578,true,true,0.9578,0.0026,79.1,light (I–II),nv,nv,true
Ndl037,nv,nv,0.9999,true,true,0.9999,0.0,84.1,light (I–II),nv,nv,true
Ndl039,nv,nv,1.0,true,true,1.0,0.0,74.7,light (I–II),nv,nv,true
Ndl040,nv,nv,0.8726,true,true,0.8726,0.0246,81.8,light (I–II),nv,nv,true
Ndl046,nv,nv,0.9996,true,true,0.9996,0.0,75.6,light (I–II),nv,nv,true
Ndl050,nv,mel,0.6928,false,true,0.6928,1.1895,84.8,light (I–II),nv,mel,false
Ndl052,nv,nv,0.9999,true,true,0.9999,0.0,73.3,light (I–II),nv,nv,true
Ndl054,nv,nv,0.9997,true,true,0.9997,0.0,86.6,light (I–II),nv,nv,true
Ndl056,nv,nv,0.9998,true,true,0.9998,0.0,69.9,light (I–II),nv,nv,true
Ndl058,nv,nv,0.9991,true,true,0.9991,0.0,81.3,light (I–II),nv,nv,true
Ndl060,nv,nv,0.9998,true,true,0.9998,0.0,90.4,light (I–II),nv,nv,true
Ndl061,nv,nv,0.9419,true,true,0.9419,0.005,83.4,light (I–II),nv,nv,true
Ndl068,nv,mel,0.9921,false,true,0.9921,1.9721,82.9,light (I–II),nv,mel,false
Ndl069,nv,nv,0.9869,true,true,0.9869,0.0003,80.8,light (I–II),nv,nv,true
Ndl071,nv,nv,0.9999,true,true,0.9999,0.0,83.4,light (I–II),nv,nv,true
Ndl074,nv,nv,0.8735,true,true,0.8735,0.0231,79.3,light (I–II),nv,nv,true
Ndl075,nv,nv,0.9997,true,true,0.9997,0.0,81.8,light (I–II),nv,nv,true
Ndl079,nv,nv,0.9991,true,true,0.9991,0.0,73.3,light (I–II),nv,nv,true
Ndl081,nv,nv,0.801,true,true,0.801,0.0785,75.7,light (I–II),nv,nv,true
Ndl083,nv,nv,0.9998,true,true,0.9998,0.0,78.9,light (I–II),nv,nv,true
Ndl089,bkl,nv,0.9919,false,true,0.9919,1.9824,67.0,light (I–II),bkl,nv,false
Ndl091,bkl,mel,0.9602,false,true,0.9602,1.8807,52.5,light (I–II),bkl,mel,false
Ndl094,bkl,nv,0.9968,false,true,0.9968,1.9874,80.5,light (I–II),bkl,nv,false
Ndl100,bkl,nv,0.9805,false,true,0.9805,1.9596,76.6,light (I–II),bkl,nv,false
Nel005,nv,nv,0.9999,true,true,0.9999,0.0,44.0,light (I–II),nv,nv,true
Nel008,nv,nv,0.9774,true,true,0.9774,0.0008,23.3,medium (III–IV),nv,nv,true
Nel010,nv,nv,0.5301,true,true,0.5301,0.4251,29.7,medium (III–IV),nv,nv,true
Nel012,nv,nv,0.9995,true,true,0.9995,0.0,85.3,light (I–II),nv,nv,true
Nel021,bkl,nv,0.9205,false,true,0.9205,1.6992,25.2,medium (III–IV),bkl,nv,false
Nel023,bkl,bkl,0.8423,true,true,0.8423,0.045,67.3,light (I–II),bkl,bkl,true
Nel026,bcc,bcc,0.737,true,true,0.737,0.1096,16.8,dark (V–VI),bcc,bcc,true
Nel028,bcc,bcc,0.6085,true,true,0.6085,0.2596,-31.5,dark (V–VI),bcc,bcc,true
Nel033,bcc,nv,0.9363,false,true,0.9363,1.8644,49.5,light (I–II),bcc,nv,false
Nel035,bcc,mel,0.9123,false,false,0.9123,1.8351,-84.0,dark (V–VI),bcc,mel,false
Nel037,bcc,nv,0.7928,false,false,0.7928,1.667,75.1,light (I–II),bcc,nv,false
Nel039,bcc,nv,0.4995,false,false,0.4995,1.4861,51.9,light (I–II),bcc,nv,false
Nel041,bcc,bcc,0.9345,true,true,0.9345,0.0067,65.1,light (I–II),bcc,bcc,true
Nel044,vasc,nv,0.9888,false,false,0.9888,1.9765,92.7,light (I–II),vasc,nv,false
Nel056,vasc,nv,0.9934,false,true,0.9934,1.985,-35.7,dark (V–VI),vasc,nv,false
Nel059,vasc,nv,0.9333,false,false,0.9333,1.865,74.1,light (I–II),vasc,nv,false
Nel061,vasc,nv,0.8195,false,false,0.8195,1.6607,54.7,light (I–II),vasc,nv,false
Nel062,vasc,nv,0.9986,false,true,0.9986,1.9953,69.8,light (I–II),vasc,nv,false
Nel064,vasc,bcc,0.6484,false,true,0.6484,1.4679,72.0,light (I–II),vasc,bcc,false
Nel066,vasc,bcc,0.7733,false,false,0.7733,1.6447,72.8,light (I–II),vasc,bcc,false
Nel068,vasc,bkl,0.8445,false,false,0.8445,1.7219,59.4,light (I–II),vasc,bkl,false
Nel071,vasc,vasc,0.6966,true,true,0.6966,0.1129,78.3,light (I–II),vasc,vasc,true
Nel073,vasc,nv,0.8286,false,false,0.8286,1.6983,54.2,light (I–II),vasc,nv,false
Nel075,vasc,mel,0.8595,false,true,0.8595,1.6012,73.2,light (I–II),vasc,mel,false
Nel078,vasc,nv,0.9805,false,true,0.9805,1.9513,18.1,dark (V–VI),vasc,nv,false
Nel081,vasc,nv,0.9051,false,false,0.9051,1.7958,54.2,light (I–II),vasc,nv,false
Nel085,bcc,bkl,0.957,false,true,0.957,1.8965,35.6,medium (III–IV),bcc,bkl,false
Nel087,bcc,bcc,0.9571,true,true,0.9571,0.003,79.7,light (I–II),bcc,bcc,true
Nel089,bcc,mel,0.6332,false,true,0.6332,1.4574,2.8,dark (V–VI),bcc,mel,false
Nel091,bcc,mel,0.6532,false,false,0.6532,1.4886,45.7,light (I–II),bcc,mel,false
Nel092,bcc,mel,0.923,false,true,0.923,1.7366,37.1,medium (III–IV),bcc,mel,false
Nel095,bcc,nv,0.9484,false,true,0.9484,1.8774,-40.4,dark (V–VI),bcc,nv,false
Nel097,bcc,bcc,0.9794,true,true,0.9794,0.0007,84.9,light (I–II),bcc,bcc,true
Nel098,bcc,bcc,0.913,true,true,0.913,0.0138,88.8,light (I–II),bcc,bcc,true
Nel100,bcc,nv,0.7924,false,true,0.7924,1.3281,73.5,light (I–II),bcc,nv,false
Nfl004,df,df,0.8127,true,true,0.8127,0.0611,78.6,light (I–II),df,df,true
Nfl006,bkl,bkl,0.9843,true,true,0.9843,0.0003,77.5,light (I–II),bkl,bkl,true
Nfl008,bkl,mel,0.5361,false,false,0.5361,1.3078,80.5,light (I–II),bkl,mel,false
Nfl010,bkl,nv,0.7387,false,true,0.7387,1.1002,28.8,medium (III–IV),bkl,nv,false
Nfl012,bkl,bkl,0.9976,true,true,0.9976,0.0,61.7,light (I–II),bkl,bkl,true
Nfl014,bkl,nv,0.9977,false,true,0.9977,1.9943,73.2,light (I–II),bkl,nv,false
Nfl016,bkl,bkl,0.9914,true,true,0.9914,0.0001,81.4,light (I–II),bkl,bkl,true
Nfl018,bkl,bkl,0.9993,true,true,0.9993,0.0,69.5,light (I–II),bkl,bkl,true
Nfl020,bkl,bkl,0.459,true,true,0.459,0.488,62.5,light (I–II),bkl,bkl,true
Nfl022,bkl,bkl,0.9993,true,true,0.9993,0.0,79.2,light (I–II),bkl,bkl,true
Nfl024,bkl,bkl,0.9733,true,true,0.9733,0.001,55.6,light (I–II),bkl,bkl,true
Nfl026,bkl,bkl,0.5006,true,true,0.5006,0.4948,75.4,light (I–II),bkl,bkl,true
Nfl032,nv,nv,0.9991,true,true,0.9991,0.0,78.8,light (I–II),nv,nv,true
Nfl034,nv,nv,0.9997,true,true,0.9997,0.0,75.6,light (I–II),nv,nv,true
Nfl036,nv,nv,0.9999,true,true,0.9999,0.0,73.2,light (I–II),nv,nv,true
Nfl038,bkl,bkl,0.998,true,true,0.998,0.0,38.8,medium (III–IV),bkl,bkl,true
Nfl040,nv,nv,0.9441,true,true,0.9441,0.0044,86.0,light (I–II),nv,nv,true
Nfl042,nv,nv,0.9908,true,true,0.9908,0.0001,76.5,light (I–II),nv,nv,true
Nfl044,nv,nv,0.9318,true,true,0.9318,0.0075,80.8,light (I–II),nv,nv,true
Nfl046,nv,nv,0.5616,true,true,0.5616,0.2448,86.1,light (I–II),nv,nv,true
Nfl048,nv,nv,0.9988,true,true,0.9988,0.0,53.7,light (I–II),nv,nv,true
Nfl050,nv,nv,0.9985,true,true,0.9985,0.0,79.2,light (I–II),nv,nv,true
Nfl052,nv,bcc,0.977,false,false,0.977,1.9456,84.9,light (I–II),nv,bcc,false
Nfl054,mel,mel,0.9773,true,true,0.9773,0.001,80.6,light (I–II),mel,mel,true
Nfl063,mel,nv,0.667,false,true,0.667,1.0707,81.0,light (I–II),mel,nv,false
Nfl068,bcc,nv,0.9983,false,false,0.9983,1.9963,75.6,light (I–II),bcc,nv,false
Nfl074,nv,nv,0.6769,true,true,0.6769,0.1776,70.8,light (I–II),nv,nv,true
Ngl002,mel,mel,0.9533,true,true,0.9533,0.0032,74.2,light (I–II),mel,mel,true
Ngl004,mel,nv,0.9879,false,true,0.9879,1.954,86.0,light (I–II),mel,nv,false
Ngl006,mel,bkl,0.762,false,true,0.762,1.1648,90.0,light (I–II),mel,bkl,false
Ngl008,mel,mel,0.8612,true,true,0.8612,0.0343,65.8,light (I–II),mel,mel,true
Ngl013,mel,mel,0.5075,true,true,0.5075,0.484,80.1,light (I–II),mel,mel,true
Ngl015,mel,mel,0.9997,true,true,0.9997,0.0,64.7,light (I–II),mel,mel,true
Ngl017,mel,mel,0.9927,true,true,0.9927,0.0001,57.9,light (I–II),mel,mel,true
Ngl019,mel,mel,0.9992,true,true,0.9992,0.0,58.2,light (I–II),mel,mel,true
Ngl021,mel,nv,0.9993,false,true,0.9993,1.9977,60.0,light (I–II),mel,nv,false
Ngl023,nv,nv,0.999,true,true,0.999,0.0,64.6,light (I–II),nv,nv,true
Ngl027,mel,mel,0.9992,true,true,0.9992,0.0,84.7,light (I–II),mel,mel,true
Ngl029,nv,nv,0.9633,true,true,0.9633,0.0017,70.0,light (I–II),nv,nv,true
Ngl031,nv,nv,0.9963,true,true,0.9963,0.0,77.3,light (I–II),nv,nv,true
Ngl033,nv,bkl,0.9447,false,false,0.9447,1.8947,79.3,light (I–II),nv,bkl,false
Ngl037,nv,mel,0.9907,false,true,0.9907,1.9678,84.5,light (I–II),nv,mel,false
Ngl039,mel,bkl,0.4834,false,true,0.4834,0.8891,79.3,light (I–II),mel,bkl,false
Ngl041,mel,mel,0.999,true,true,0.999,0.0,56.6,light (I–II),mel,mel,true
Ngl043,nv,nv,0.9977,true,true,0.9977,0.0,79.4,light (I–II),nv,nv,true
Ngl047,bcc,bkl,0.6485,false,true,0.6485,1.2412,58.5,light (I–II),bcc,bkl,false
Ngl049,nv,nv,0.9998,true,true,0.9998,0.0,72.2,light (I–II),nv,nv,true
Ngl053,nv,nv,0.9999,true,true,0.9999,0.0,78.8,light (I–II),nv,nv,true
Ngl055,mel,nv,0.9595,false,true,0.9595,1.8431,59.6,light (I–II),mel,nv,false
Ngl057,mel,nv,0.7467,false,true,0.7467,1.1369,79.1,light (I–II),mel,nv,false
Ngl060,nv,nv,0.9998,true,true,0.9998,0.0,68.5,light (I–II),nv,nv,true
Ngl062,mel,mel,0.9996,true,true,0.9996,0.0,63.4,light (I–II),mel,mel,true
Ngl064,mel,mel,0.9146,true,true,0.9146,0.0124,67.5,light (I–II),mel,mel,true
Ngl066,mel,mel,0.9794,true,true,0.9794,0.0008,81.3,light (I–II),mel,mel,true
Ngl068,mel,nv,0.7423,false,true,0.7423,1.1189,86.2,light (I–II),mel,nv,false
Ngl072,nv,nv,0.9998,true,true,0.9998,0.0,80.6,light (I–II),nv,nv,true
Ngl074,nv,nv,0.9999,true,true,0.9999,0.0,82.5,light (I–II),nv,nv,true
Ngl076,nv,nv,0.9964,true,true,0.9964,0.0,79.1,light (I–II),nv,nv,true
Ngl078,nv,nv,0.9999,true,true,0.9999,0.0,75.5,light (I–II),nv,nv,true
Ngl082,vasc,mel,0.3856,false,false,0.3856,1.0916,34.6,medium (III–IV),vasc,mel,false
Ngl084,mel,nv,0.8054,false,true,0.8054,1.3031,51.7,light (I–II),mel,nv,false
Ngl086,nv,nv,0.9996,true,true,0.9996,0.0,84.6,light (I–II),nv,nv,true
Ngl088,mel,nv,0.9982,false,true,0.9982,1.9938,81.4,light (I–II),mel,nv,false
Ngl090,nv,nv,0.977,true,true,0.977,0.0007,80.6,light (I–II),nv,nv,true
Ngl092,nv,nv,0.9978,true,true,0.9978,0.0,81.7,light (I–II),nv,nv,true
Ngl094,nv,nv,0.8709,true,true,0.8709,0.0333,73.5,light (I–II),nv,nv,true
Ngl096,nv,nv,0.9997,true,true,0.9997,0.0,85.8,light (I–II),nv,nv,true
Ngl098,nv,nv,0.9876,true,true,0.9876,0.0003,72.3,light (I–II),nv,nv,true
Ngl100,mel,nv,0.9925,false,true,0.9925,1.9704,75.9,light (I–II),mel,nv,false
Nhl009,mel,nv,0.9998,false,false,0.9998,1.9996,61.9,light (I–II),mel,nv,false
Nhl011,bcc,bkl,0.6286,false,true,0.6286,1.1651,83.7,light (I–II),bcc,bkl,false
Nhl013,nv,mel,0.9961,false,true,0.9961,1.9846,70.5,light (I–II),nv,mel,false
Nhl015,nv,nv,0.7415,true,true,0.7415,0.0995,59.3,light (I–II),nv,nv,true
Nhl017,mel,mel,0.8887,true,true,0.8887,0.0229,61.7,light (I–II),mel,mel,true
Nil002,nv,nv,0.9958,true,true,0.9958,0.0,87.4,light (I–II),nv,nv,true
Nil004,nv,nv,0.9999,true,true,0.9999,0.0,79.3,light (I–II),nv,nv,true
Nil006,nv,nv,0.9999,true,true,0.9999,0.0,83.6,light (I–II),nv,nv,true
Nil008,nv,nv,0.9992,true,true,0.9992,0.0,74.4,light (I–II),nv,nv,true
Nil010,nv,nv,0.9827,true,true,0.9827,0.0005,79.8,light (I–II),nv,nv,true
Nil021,nv,nv,0.9022,true,true,0.9022,0.0188,66.0,light (I–II),nv,nv,true
Nil023,nv,nv,0.4406,true,true,0.4406,0.4507,57.6,light (I–II),nv,nv,true
Nil025,nv,nv,0.5872,true,true,0.5872,0.3338,58.4,light (I–II),nv,nv,true
Nil027,nv,mel,0.9747,false,true,0.9747,1.9015,83.2,light (I–II),nv,mel,false
Nil029,nv,nv,0.9994,true,true,0.9994,0.0,85.9,light (I–II),nv,nv,true
Nil031,mel,mel,0.9209,true,true,0.9209,0.0125,69.2,light (I–II),mel,mel,true
Nil033,nv,nv,1.0,true,true,1.0,0.0,74.3,light (I–II),nv,nv,true
Nil035,nv,nv,0.9997,true,true,0.9997,0.0,79.5,light (I–II),nv,nv,true
Nil037,nv,nv,0.9838,true,true,0.9838,0.0005,85.1,light (I–II),nv,nv,true
Nil041,nv,nv,0.9999,true,true,0.9999,0.0,77.8,light (I–II),nv,nv,true
Nil043,nv,nv,0.9996,true,true,0.9996,0.0,80.4,light (I–II),nv,nv,true
Nil045,nv,nv,0.9914,true,true,0.9914,0.0001,78.9,light (I–II),nv,nv,true
Nil048,nv,nv,0.9998,true,true,0.9998,0.0,80.4,light (I–II),nv,nv,true
Nil052,nv,nv,0.999,true,true,0.999,0.0,72.7,light (I–II),nv,nv,true
Nil054,nv,nv,0.9998,true,true,0.9998,0.0,66.9,light (I–II),nv,nv,true
Nil056,nv,nv,0.9832,true,true,0.9832,0.0004,46.9,light (I–II),nv,nv,true
Nil058,nv,nv,0.9974,true,true,0.9974,0.0,75.6,light (I–II),nv,nv,true
Nil060,nv,nv,0.9998,true,true,0.9998,0.0,83.0,light (I–II),nv,nv,true
Nil062,mel,bkl,0.596,false,true,0.596,0.9779,66.9,light (I–II),mel,bkl,false
Nil064,mel,nv,0.9058,false,true,0.9058,1.6432,85.9,light (I–II),mel,nv,false
Nil066,mel,mel,0.5938,true,true,0.5938,0.3147,77.2,light (I–II),mel,mel,true
Nil068,mel,nv,0.9596,false,false,0.9596,1.9069,76.3,light (I–II),mel,nv,false
Nil070,mel,nv,0.7114,false,true,0.7114,1.5443,80.6,light (I–II),mel,nv,false
Nil076,mel,nv,0.9998,false,true,0.9998,1.9992,78.5,light (I–II),mel,nv,false
Nil078,mel,mel,0.9997,true,true,0.9997,0.0,62.7,light (I–II),mel,mel,true
Nil080,mel,nv,0.9972,false,true,0.9972,1.989,69.8,light (I–II),mel,nv,false
Nil082,mel,mel,0.9936,true,true,0.9936,0.0001,51.3,light (I–II),mel,mel,true
Nil084,mel,mel,0.813,true,true,0.813,0.0664,83.7,light (I–II),mel,mel,true
Nil086,mel,mel,0.5506,true,true,0.5506,0.368,24.6,medium (III–IV),mel,mel,true
Nil088,mel,mel,0.9803,true,true,0.9803,0.0007,46.3,light (I–II),mel,mel,true
Nil090,mel,bkl,0.9245,false,true,0.9245,1.7136,63.5,light (I–II),mel,bkl,false
Nil093,mel,mel,0.9741,true,true,0.9741,0.001,11.3,dark (V–VI),mel,mel,true
Nil096,mel,nv,0.9583,false,true,0.9583,1.8388,67.8,light (I–II),mel,nv,false
Nil100,mel,mel,0.5952,true,true,0.5952,0.3176,78.1,light (I–II),mel,mel,true
Nil103,mel,mel,0.9689,true,true,0.9689,0.0016,36.6,medium (III–IV),mel,mel,true
Nll002,mel,mel,0.9999,true,true,0.9999,0.0,71.7,light (I–II),mel,mel,true
Nll004,mel,mel,0.9978,true,true,0.9978,0.0,58.5,light (I–II),mel,mel,true
Nll016,nv,nv,0.9999,true,true,0.9999,0.0,71.7,light (I–II),nv,nv,true
Nll018,nv,nv,1.0,true,true,1.0,0.0,86.4,light (I–II),nv,nv,true
Nll020,nv,nv,0.9996,true,true,0.9996,0.0,77.7,light (I–II),nv,nv,true
Nll024,nv,nv,0.9996,true,true,0.9996,0.0,71.7,light (I–II),nv,nv,true
Nll030,nv,nv,0.9865,true,true,0.9865,0.0002,76.0,light (I–II),nv,nv,true
Nll038,nv,nv,0.9988,true,true,0.9988,0.0,77.4,light (I–II),nv,nv,true
Nll040,nv,nv,0.9989,true,true,0.9989,0.0,80.0,light (I–II),nv,nv,true
Nll042,nv,nv,0.9995,true,true,0.9995,0.0,78.3,light (I–II),nv,nv,true
Nll046,nv,nv,1.0,true,true,1.0,0.0,85.2,light (I–II),nv,nv,true
Nll048,nv,nv,0.9972,true,true,0.9972,0.0,61.0,light (I–II),nv,nv,true
Nll050,nv,nv,0.9994,true,true,0.9994,0.0,76.5,light (I–II),nv,nv,true
Nll056,nv,nv,0.9997,true,true,0.9997,0.0,69.9,light (I–II),nv,nv,true
Nll058,nv,nv,0.9233,true,true,0.9233,0.0103,74.3,light (I–II),nv,nv,true
Nll060,nv,nv,0.9999,true,true,0.9999,0.0,78.2,light (I–II),nv,nv,true
Nll062,nv,nv,0.9978,true,true,0.9978,0.0,75.5,light (I–II),nv,nv,true
Nll069,nv,nv,1.0,true,true,1.0,0.0,69.3,light (I–II),nv,nv,true
Nll072,nv,nv,0.9998,true,true,0.9998,0.0,76.2,light (I–II),nv,nv,true
Nll076,nv,nv,0.9998,true,true,0.9998,0.0,85.9,light (I–II),nv,nv,true
Nll084,nv,nv,0.9997,true,true,0.9997,0.0,78.0,light (I–II),nv,nv,true
Nll088,nv,nv,0.9999,true,true,0.9999,0.0,74.5,light (I–II),nv,nv,true
Nll094,nv,nv,0.9991,true,true,0.9991,0.0,67.5,light (I–II),nv,nv,true
Nll098,nv,nv,0.9997,true,true,0.9997,0.0,80.5,light (I–II),nv,nv,true
Nll100,nv,nv,1.0,true,true,1.0,0.0,83.6,light (I–II),nv,nv,true
Nll102,nv,nv,0.9994,true,true,0.9994,0.0,74.6,light (I–II),nv,nv,true
Nll104,nv,nv,0.9998,true,true,0.9998,0.0,86.4,light (I–II),nv,nv,true
Nll106,nv,nv,0.9996,true,true,0.9996,0.0,76.8,light (I–II),nv,nv,true
Nml002,nv,nv,0.9999,true,true,0.9999,0.0,95.4,light (I–II),nv,nv,true
Nml004,nv,nv,0.9687,true,true,0.9687,0.0014,66.5,light (I–II),nv,nv,true
Nml006,nv,nv,0.9996,true,true,0.9996,0.0,98.3,light (I–II),nv,nv,true
Nml008,nv,nv,0.9999,true,true,0.9999,0.0,73.0,light (I–II),nv,nv,true
Nml010,nv,nv,0.9998,true,true,0.9998,0.0,74.1,light (I–II),nv,nv,true
Nml012,nv,nv,0.9991,true,true,0.9991,0.0,80.1,light (I–II),nv,nv,true
Nml014,nv,nv,0.9999,true,true,0.9999,0.0,83.4,light (I–II),nv,nv,true
Nml016,nv,nv,0.6238,true,true,0.6238,0.2316,75.5,light (I–II),nv,nv,true
Nml018,nv,nv,0.999,true,true,0.999,0.0,65.0,light (I–II),nv,nv,true
Nml020,mel,mel,0.9404,true,true,0.9404,0.0056,74.4,light (I–II),mel,mel,true
Nml022,mel,bkl,0.9401,false,true,0.9401,1.8046,30.2,medium (III–IV),mel,bkl,false
Nml024,mel,bkl,0.9933,false,true,0.9933,1.976,-45.1,dark (V–VI),mel,bkl,false
Nml030,nv,nv,0.99,true,true,0.99,0.0002,81.1,light (I–II),nv,nv,true
Nml034,nv,nv,0.9998,true,true,0.9998,0.0,71.8,light (I–II),nv,nv,true
Nml039,nv,nv,0.9999,true,true,0.9999,0.0,70.1,light (I–II),nv,nv,true
Nml041,vasc,nv,0.8837,false,true,0.8837,1.7018,87.4,light (I–II),vasc,nv,false
Nml043,nv,nv,0.9984,true,true,0.9984,0.0,76.9,light (I–II),nv,nv,true
Nml045,nv,nv,0.999,true,true,0.999,0.0,83.2,light (I–II),nv,nv,true
Nml047,nv,nv,0.9979,true,true,0.9979,0.0,64.8,light (I–II),nv,nv,true
Nml049,nv,nv,0.9987,true,true,0.9987,0.0,80.2,light (I–II),nv,nv,true
Nml051,nv,nv,0.9993,true,true,0.9993,0.0,70.6,light (I–II),nv,nv,true
Nml063,nv,nv,0.9996,true,true,0.9996,0.0,72.2,light (I–II),nv,nv,true
Nml065,nv,mel,0.3771,false,true,0.3771,0.6091,66.6,light (I–II),nv,mel,false
Nml067,nv,nv,0.9998,true,true,0.9998,0.0,70.1,light (I–II),nv,nv,true
Nml071,nv,nv,0.9994,true,true,0.9994,0.0,58.4,light (I–II),nv,nv,true
Nml073,mel,nv,0.5049,false,true,0.5049,1.042,76.7,light (I–II),mel,nv,false
Nml077,mel,nv,0.7714,false,true,0.7714,1.1913,78.2,light (I–II),mel,nv,false
Nml079,mel,nv,0.9999,false,true,0.9999,1.9997,78.7,light (I–II),mel,nv,false
Nml081,mel,nv,0.9566,false,true,0.9566,1.8923,84.4,light (I–II),mel,nv,false
Nml085,nv,mel,0.8972,false,true,0.8972,1.6142,71.1,light (I–II),nv,mel,false
Nml087,nv,nv,0.9974,true,true,0.9974,0.0,76.4,light (I–II),nv,nv,true
Nml089,nv,nv,0.9993,true,true,0.9993,0.0,75.5,light (I–II),nv,nv,true
Nml094,nv,nv,0.9943,true,true,0.9943,0.0001,85.9,light (I–II),nv,nv,true
Nml096,nv,nv,1.0,true,true,1.0,0.0,84.9,light (I–II),nv,nv,true
Nml098,bcc,bcc,0.9128,true,true,0.9128,0.0145,81.3,light (I–II),bcc,bcc,true
Nml102,bcc,nv,0.9965,false,false,0.9965,1.9925,44.5,light (I–II),bcc,nv,false
Nml104,bcc,nv,0.8834,false,false,0.8834,1.7865,79.2,light (I–II),bcc,nv,false
Nml106,bcc,bcc,0.6909,true,true,0.6909,0.184,78.4,light (I–II),bcc,bcc,true
Nml108,vasc,bcc,0.8585,false,true,0.8585,1.753,45.5,light (I–II),vasc,bcc,false
Nml114,bkl,bkl,0.9946,true,true,0.9946,0.0001,86.2,light (I–II),bkl,bkl,true
gzl02,bcc,bkl,0.991,false,true,0.991,1.9687,88.0,light (I–II),bcc,bkl,false
gzl04,mel,nv,0.9861,false,false,0.9861,1.9724,87.9,light (I–II),mel,nv,false
gzl06,bcc,nv,0.9926,false,false,0.9926,1.9844,38.8,medium (III–IV),bcc,nv,false
gzl08,nv,nv,0.9999,true,true,0.9999,0.0,86.3,light (I–II),nv,nv,true
gzl10,nv,nv,1.0,true,true,1.0,0.0,81.5,light (I–II),nv,nv,true
gzl12,mel,nv,0.9993,false,false,0.9993,1.9984,47.3,light (I–II),mel,nv,false
gzl14,nv,nv,0.9996,true,true,0.9996,0.0,84.5,light (I–II),nv,nv,true
gzl16,mel,nv,0.8606,false,true,0.8606,1.4924,81.1,light (I–II),mel,nv,false
gzl18,bkl,nv,0.9094,false,true,0.9094,1.669,81.4,light (I–II),bkl,nv,false
gzl20,mel,nv,1.0,false,false,1.0,1.9999,83.0,light (I–II),mel,nv,false
gzl22,nv,nv,1.0,true,true,1.0,0.0,77.5,light (I–II),nv,nv,true
gzl24,nv,nv,0.9995,true,true,0.9995,0.0,87.2,light (I–II),nv,nv,true
gzl26,mel,nv,0.6543,false,true,0.6543,0.9646,96.2,light (I–II),mel,nv,false
gzl28,mel,nv,0.9998,false,true,0.9998,1.9995,87.8,light (I–II),mel,nv,false
gzl30,bkl,bkl,0.9989,true,true,0.9989,0.0,85.9,light (I–II),bkl,bkl,true
gzl32,nv,nv,1.0,true,true,1.0,0.0,79.7,light (I–II),nv,nv,true
gzl34,nv,nv,1.0,true,true,1.0,0.0,83.8,light (I–II),nv,nv,true
gzl36,nv,nv,0.9998,true,true,0.9998,0.0,86.9,light (I–II),nv,nv,true
gzl38,bcc,bcc,0.4992,true,true,0.4992,0.4417,82.7,light (I–II),bcc,bcc,true
gzl42,nv,nv,0.9998,true,true,0.9998,0.0,85.9,light (I–II),nv,nv,true
gzl46,bkl,nv,0.9939,false,true,0.9939,1.9762,76.0,light (I–II),bkl,nv,false
gzl48,bkl,nv,0.9803,false,true,0.9803,1.9244,83.2,light (I–II),bkl,nv,false
gzl50,mel,nv,0.9999,false,true,0.9999,1.9997,80.8,light (I–II),mel,nv,false
gzl52,nv,nv,0.7033,true,true,0.7033,0.1631,83.9,light (I–II),nv,nv,true
gzl54,nv,nv,0.9999,true,true,0.9999,0.0,80.3,light (I–II),nv,nv,true
gzl56,nv,nv,1.0,true,true,1.0,0.0,86.9,light (I–II),nv,nv,true
gzl58,nv,nv,1.0,true,true,1.0,0.0,88.3,light (I–II),nv,nv,true
gzl60,bkl,nv,0.9967,false,true,0.9967,1.9924,87.9,light (I–II),bkl,nv,false
gzl62,nv,nv,1.0,true,true,1.0,0.0,86.0,light (I–II),nv,nv,true
gzl64,mel,mel,0.9782,true,true,0.9782,0.0007,74.9,light (I–II),mel,mel,true
gzl66,nv,nv,0.9999,true,true,0.9999,0.0,60.6,light (I–II),nv,nv,true
gzl68,nv,nv,0.9867,true,true,0.9867,0.0003,82.6,light (I–II),nv,nv,true
gzl70,nv,nv,1.0,true,true,1.0,0.0,86.4,light (I–II),nv,nv,true
gzl72,bkl,nv,0.9999,false,true,0.9999,1.9997,62.3,light (I–II),bkl,nv,false
gzl74,vasc,nv,0.9986,false,false,0.9986,1.9968,76.6,light (I–II),vasc,nv,false
gzl76,mel,nv,0.9999,false,true,0.9999,1.9998,78.3,light (I–II),mel,nv,false
gzl78,mel,nv,0.9609,false,true,0.9609,1.9224,87.3,light (I–II),mel,nv,false
gzl80,nv,nv,1.0,true,true,1.0,0.0,86.8,light (I–II),nv,nv,true
gzl82,nv,nv,0.987,true,true,0.987,0.0002,89.9,light (I–II),nv,nv,true
gzl84,nv,nv,0.9999,true,true,0.9999,0.0,87.7,light (I–II),nv,nv,true
gzl86,nv,nv,0.9998,true,true,0.9998,0.0,87.0,light (I–II),nv,nv,true
gzl88,nv,nv,0.999,true,true,0.999,0.0,92.2,light (I–II),nv,nv,true
nal095,mel,mel,0.8173,true,true,0.8173,0.0638,88.0,light (I–II),mel,mel,true
ndl013,nv,mel,0.522,false,true,0.522,0.5536,51.8,light (I–II),nv,mel,false
ndl085,nv,nv,0.9941,true,true,0.9941,0.0001,62.1,light (I–II),nv,nv,true
newl006,bkl,nv,1.0,false,true,1.0,1.9999,80.6,light (I–II),bkl,nv,false
newl008,bkl,nv,0.9999,false,true,0.9999,1.9998,87.3,light (I–II),bkl,nv,false
newl010,bkl,nv,0.8974,false,true,0.8974,1.6221,86.1,light (I–II),bkl,nv,false
newl012,bkl,nv,0.999,false,true,0.999,1.9976,87.4,light (I–II),bkl,nv,false
newl014,mel,nv,0.8565,false,true,0.8565,1.4676,79.8,light (I–II),mel,nv,false
newl016,vasc,vasc,0.9921,true,true,0.9921,0.0001,76.6,light (I–II),vasc,vasc,true
newl018,bkl,nv,1.0,false,false,1.0,1.9999,83.5,light (I–II),bkl,nv,false
newl020,bkl,nv,0.9999,false,false,0.9999,1.9997,83.2,light (I–II),bkl,nv,false
newl022,bkl,nv,0.9995,false,false,0.9995,1.999,86.4,light (I–II),bkl,nv,false
newl024,bkl,nv,1.0,false,false,1.0,1.9999,81.5,light (I–II),bkl,nv,false
newl026,bkl,nv,1.0,false,true,1.0,1.9999,83.2,light (I–II),bkl,nv,false
newl030,nv,nv,0.8794,true,true,0.8794,0.0198,78.6,light (I–II),nv,nv,true
newl032,mel,nv,0.8691,false,true,0.8691,1.6329,36.8,medium (III–IV),mel,nv,false
newl034,nv,mel,0.7873,false,true,0.7873,1.2451,86.4,light (I–II),nv,mel,false
newl036,mel,mel,0.964,true,true,0.964,0.0022,83.7,light (I–II),mel,mel,true
newl039,nv,nv,0.9126,true,true,0.9126,0.0143,94.8,light (I–II),nv,nv,true
newl043,mel,mel,0.9993,true,true,0.9993,0.0,-34.0,dark (V–VI),mel,mel,true
newl045,mel,mel,0.9992,true,true,0.9992,0.0,58.3,light (I–II),mel,mel,true
newl047,mel,mel,0.9769,true,true,0.9769,0.001,45.3,light (I–II),mel,mel,true
newl049,mel,mel,0.9982,true,true,0.9982,0.0,96.9,light (I–II),mel,mel,true
newl051,mel,nv,0.7823,false,true,0.7823,1.2257,60.8,light (I–II),mel,nv,false
newl053,mel,mel,0.9735,true,true,0.9735,0.001,55.4,light (I–II),mel,mel,true
newl055,mel,mel,0.9998,true,true,0.9998,0.0,40.5,medium (III–IV),mel,mel,true
newl059,mel,nv,0.7588,false,true,0.7588,1.1522,39.8,medium (III–IV),mel,nv,false
nfl070,mel,nv,0.999,false,false,0.999,1.9976,80.3,light (I–II),mel,nv,false
nfl072,mel,nv,0.7539,false,true,0.7539,1.1382,81.6,light (I–II),mel,nv,false
nll014,mel,mel,0.9994,true,true,0.9994,0.0,71.5,light (I–II),mel,mel,true
nll022,nv,nv,0.9997,true,true,0.9997,0.0,66.1,light (I–II),nv,nv,true
nll026,nv,nv,0.9995,true,true,0.9995,0.0,72.6,light (I–II),nv,nv,true
nll032,nv,nv,0.989,true,true,0.989,0.0002,71.5,light (I–II),nv,nv,true
